{
    "0.20": -5.2662474800679995,
    "0.21": -6.05023723858367,
    "0.22": -6.749943039719678,
    "0.23": -7.377138567772797,
    "0.24": -7.941564001034329,
    "0.25": -8.45134929177524,
    "0.26": -8.913336028175422,
    "0.27": -9.33332502742794,
    "0.28": -9.71626882443726,
    "0.29": -10.06642272614716,
    "0.30": -10.387464303112747,
    "0.31": -10.682588553867216,
    "0.32": -10.954584138791331,
    "0.33": -11.205894785347798,
    "0.34": -11.438669039418194,
    "0.35": -11.654800856326915,
    "0.36": -11.85596300729983,
    "0.37": -12.043634868878504,
    "0.38": -12.21912583066058,
    "0.39": -12.383595281733626,
    "0.40": -12.538069908066051,
    "0.41": -12.683458846673858,
    "0.42": -12.820567094208592,
    "0.43": -12.950107454364693,
    "0.44": -13.072711226034876,
    "0.45": -13.188937777475084,
    "0.46": -13.2992831154078,
    "0.47": -13.404187536586612,
    "0.48": -13.504042437975537,
    "0.49": -13.599196356346985,
    "0.50": -13.68996030574104,
    "0.51": -13.776612479754274,
    "0.52": -13.859402383809364,
    "0.53": -13.938554459789625,
    "0.54": -14.014271261555406,
    "0.55": -14.086736235077657,
    "0.56": -14.156116151501113,
    "0.57": -14.222563235779248,
    "0.58": -14.286217027943925,
    "0.59": -14.347206008867245,
    "0.60": -14.405649017756224,
    "0.61": -14.461656484699494,
    "0.62": -14.515331498402045,
    "0.63": -14.566770726738385,
    "0.64": -14.616065205864464,
    "0.65": -14.663301012204979,
    "0.66": -14.708559830562288,
    "0.67": -14.751919430733393,
    "0.68": -14.793454064279983,
    "0.69": -14.833234792383934,
    "0.70": -14.871329754970736,
    "0.71": -14.907804390502154,
    "0.72": -14.94272161497614,
    "0.73": -14.976141967789484,
    "0.74": -15.008123731185037,
    "0.75": -15.038723029097664,
    "0.76": -15.06799391031465,
    "0.77": -15.095988420030178,
    "0.78": -15.12275666310259,
    "0.79": -15.148346861627344,
    "0.80": -15.172805408842809,
    "0.81": -15.19617692086214,
    "0.82": -15.218504287301469,
    "0.83": -15.239828721521949,
    "0.84": -15.260189810923334,
    "0.85": -15.279625567518753,
    "0.86": -15.298172478850766,
    "0.87": -15.315865559205328,
    "0.88": -15.332738400989756,
    "0.89": -15.348823226102747,
    "0.90": -15.364150937092143,
    "0.91": -15.378751167890444,
    "0.92": -15.392652333919827,
    "0.93": -15.405881681374021,
    "0.94": -15.418465335500077,
    "0.95": -15.430428347725778,
    "0.96": -15.44179474150251,
    "0.97": -15.452587556757818,
    "0.98": -15.462828892870753,
    "0.99": -15.472539950112404,
    "1.00": -15.481741069507745,
    "1.01": -15.490451771094794,
    "1.02": -15.498690790575784,
    "1.03": -15.506476114367016,
    "1.04": -15.5138250130674,
    "1.05": -15.520754073373821,
    "1.06": -15.527279228483865,
    "1.07": -15.533415787030178,
    "1.08": -15.53917846059683,
    "1.09": -15.544581389874889,
    "1.10": -15.549638169512063,
    "1.11": -15.554361871719053,
    "1.12": -15.558765068692082,
    "1.13": -15.562859853911663,
    "1.14": -15.566657862381122,
    "1.15": -15.57017028986133,
    "1.16": -15.57340791116024,
    "1.17": -15.576381097534581,
    "1.18": -15.5790998332552,
    "1.19": -15.58157373138939,
    "1.20": -15.583812048846713,
    "1.21": -15.585823700735249,
    "1.22": -15.587617274070618,
    "1.23": -15.589201040878994,
    "1.24": -15.590582970728816,
    "1.25": -15.591770742728608,
    "1.26": -15.5927717570214,
    "1.27": -15.59359314580298,
    "1.28": -15.594241783896308,
    "1.29": -15.594724298899152,
    "1.30": -15.59504708093453,
    "1.31": -15.595216292019222,
    "1.32": -15.595237875071184,
    "1.33": -15.595117562573131,
    "1.34": -15.594860884905692,
    "1.35": -15.594473178367076,
    "1.36": -15.59395959288846,
    "1.37": -15.593325099460925,
    "1.38": -15.592574497281843,
    "1.39": -15.591712420631188,
    "1.40": -15.590743345488628,
    "1.41": -15.589671595898064,
    "1.42": -15.58850135008936,
    "1.43": -15.587236646365103,
    "1.44": -15.585881388756937,
    "1.45": -15.584439352464445,
    "1.46": -15.582914189075913,
    "1.47": -15.581309431584245,
    "1.48": -15.579628499201641,
    "1.49": -15.577874701978113,
    "1.50": -15.576051245233316,
    "1.51": -15.57416123380535,
    "1.52": -15.57220767612322,
    "1.53": -15.570193488110208,
    "1.54": -15.56812149692232,
    "1.55": -15.565994444528059,
    "1.56": -15.563814991137237,
    "1.57": -15.561585718481565,
    "1.58": -15.559309132954963,
    "1.59": -15.55698766861841,
    "1.60": -15.554623690074491,
    "1.61": -15.552219495217317,
    "1.62": -15.54977731786382,
    "1.63": -15.547299330269677,
    "1.64": -15.544787645537726,
    "1.65": -15.542244319919856,
    "1.66": -15.53967135502187,
    "1.67": -15.537070699912615,
    "1.68": -15.534444253141478,
    "1.69": -15.531793864671856,
    "1.70": -15.529121337732022,
    "1.71": -15.526428430587377,
    "1.72": -15.523716858240045,
    "1.73": -15.520988294057613,
    "1.74": -15.518244371334399,
    "1.75": -15.515486684791254,
    "1.76": -15.512716792013261,
    "1.77": -15.509936214831942,
    "1.78": -15.507146440652111,
    "1.79": -15.504348923728564,
    "1.80": -15.501545086393572,
    "1.81": -15.498736320237787,
    "1.82": -15.49592398724786,
    "1.83": -15.493109420902641,
    "1.84": -15.49029392722858,
    "1.85": -15.487478785818965,
    "1.86": -15.484665250816233,
    "1.87": -15.481854551860808,
    "1.88": -15.479047895007096,
    "1.89": -15.476246463607513,
    "1.90": -15.473451419168299,
    "1.91": -15.470663902174202,
    "1.92": -15.467885032887782,
    "1.93": -15.465115912119012,
    "1.94": -15.4623576219709,
    "1.95": -15.459611226557367,
    "1.96": -15.456877772696794,
    "1.97": -15.454158290579015,
    "1.98": -15.451453794406936,
    "1.99": -15.448765283012412,
    "2.00": -15.446093740444983,
    "2.01": -15.443440136532667,
    "2.02": -15.44080542741465,
    "2.03": -15.438190556042057,
    "2.04": -15.43559645264732,
    "2.05": -15.43302403517805,
    "2.06": -15.430474209692278,
    "2.07": -15.427947870713451,
    "2.08": -15.425445901539371,
    "2.09": -15.422969174501077,
    "2.10": -15.420518551168115,
    "2.11": -15.418094882491342,
    "2.12": -15.41569900887975,
    "2.13": -15.413331760202945,
    "2.14": -15.410993955710987,
    "2.15": -15.408686403864317,
    "2.16": -15.406409902063457,
    "2.17": -15.404165236270321,
    "2.18": -15.401953180508231,
    "2.19": -15.399774496233444,
    "2.20": -15.397629931563749,
    "2.21": -15.395520220356392,
    "2.22": -15.393446081121734,
    "2.23": -15.391408215764377,
    "2.24": -15.389407308141637,
    "2.25": -15.387444022430978,
    "2.26": -15.385519001300086,
    "2.27": -15.383632863875755,
    "2.28": -15.381786203510794,
    "2.29": -15.379979585350549,
    "2.30": -15.378213543704723,
    "2.31": -15.376488579239876,
    "2.32": -15.374805156002303,
    "2.33": -15.373163698301672,
    "2.34": -15.371564587479316,
    "2.35": -15.370008158598212,
    "2.36": -15.368494697098338,
    "2.37": -15.367024435465737,
    "2.38": -15.365597549969065,
    "2.39": -15.364214157526977,
    "2.40": -15.36287431276897,
    "2.41": -15.361578005355854,
    "2.42": -15.360325157632861,
    "2.43": -15.359115622677175,
    "2.44": -15.357949182807822,
    "2.45": -15.356825548613294,
    "2.46": -15.3557443585497,
    "2.47": -15.354705179146709,
    "2.48": -15.35370750585108,
    "2.49": -15.352750764520193,
    "2.50": -15.35183431356618
}