{
    "0.200": 0.1574821347983616,
    "0.210": 0.0429145167789889,
    "0.220": -0.059942122110073326,
    "0.230": -0.15261025124492178,
    "0.240": -0.23636221145078745,
    "0.250": -0.31226990270078947,
    "0.260": -0.3812430022909883,
    "0.270": -0.4440586923665185,
    "0.280": -0.5013850240590215,
    "0.290": -0.5537994581227927,
    "0.300": -0.6018037107656873,
    "0.310": -0.6458357415434062,
    "0.320": -0.6862795104353612,
    "0.330": -0.7234729786886138,
    "0.340": -0.7577147158832334,
    "0.350": -0.7892693924044112,
    "0.360": -0.818372374090717,
    "0.370": -0.8452335886335358,
    "0.380": -0.870040797326145,
    "0.390": -0.8929623781271652,
    "0.400": -0.9141497046270846,
    "0.410": -0.9337391888604551,
    "0.420": -0.9518540428630672,
    "0.430": -0.9686058035926698,
    "0.440": -0.9840956576839233,
    "0.450": -0.9984155960160181,
    "0.460": -1.0116494228720445,
    "0.470": -1.0238736402861779,
    "0.480": -1.0351582247914952,
    "0.490": -1.0455673110333175,
    "0.500": -1.0551597944706261,
    "0.510": -1.0639898635485867,
    "0.520": -1.0721074702107876,
    "0.530": -1.079558746364692,
    "0.540": -1.0863863728698648,
    "0.550": -1.092629906745107,
    "0.560": -1.0983260715554046,
    "0.570": -1.1035090153172273,
    "0.580": -1.108210539731103,
    "0.590": -1.1124603040961545,
    "0.600": -1.1162860068695415,
    "0.610": -1.1197135474938043,
    "0.620": -1.1227671708179061,
    "0.630": -1.1254695961768646,
    "0.640": -1.127842132963743,
    "0.650": -1.1299047843229162,
    "0.660": -1.1316763404102448,
    "0.670": -1.133174462501984,
    "0.680": -1.1344157590862716,
    "0.690": -1.1354158549390827,
    "0.700": -1.1361894540659243,
    "0.710": -1.136750397283201,
    "0.720": -1.1371117151154642,
    "0.730": -1.1372856765971089,
    "0.740": -1.137283834488502,
    "0.750": -1.1371170673457307,
    "0.760": -1.1367956188204564,
    "0.770": -1.1363291345101945,
    "0.780": -1.1357266966302202,
    "0.790": -1.134996856734727,
    "0.800": -1.134147666677095,
    "0.810": -1.133186707966538,
    "0.820": -1.1321211196499998,
    "0.830": -1.130957624825328,
    "0.840": -1.1297025558704243,
    "0.850": -1.128361878458112,
    "0.860": -1.126941214412044,
    "0.870": -1.1254458634489728,
    "0.880": -1.1238808238441522,
    "0.890": -1.1222508120508192,
    "0.900": -1.1205602812999893,
    "0.910": -1.1188134392042663,
    "0.920": -1.117014264387567,
    "0.930": -1.1151665221618834,
    "0.940": -1.1132737792728589,
    "0.950": -1.1113394177361489,
    "0.960": -1.1093666477880957,
    "0.970": -1.1073585199755285,
    "0.980": -1.1053179364114254,
    "0.990": -1.1032476612244997,
    "1.000": -1.1011503302326189,
    "1.010": -1.0990284598715334,
    "1.020": -1.0968844554116521,
    "1.030": -1.094720618496779,
    "1.040": -1.0925391540401928,
    "1.050": -1.0903421765127652,
    "1.060": -1.088131715659856,
    "1.070": -1.0859097216827251,
    "1.080": -1.0836780699206505,
    "1.090": -1.0814385650690606,
    "1.100": -1.0791929449690723,
    "1.110": -1.076942884002363,
    "1.120": -1.074689996124575,
    "1.130": -1.072435837569321,
    "1.140": -1.0701819092534732,
    "1.150": -1.0679296589128573,
    "1.160": -1.0656804829962385,
    "1.170": -1.0634357283435218,
    "1.180": -1.0611966936728123,
    "1.190": -1.0589646308990246,
    "1.200": -1.0567407463052585,
    "1.210": -1.0545262015863726,
    "1.220": -1.0523221147826736,
    "1.230": -1.0501295611199781,
    "1.240": -1.0479495737707674,
    "1.250": -1.045783144549801,
    "1.260": -1.0436312245560435,
    "1.270": -1.0414947247714823,
    "1.280": -1.0393745166262482,
    "1.290": -1.037271432538219,
    "1.300": -1.0351862664342568,
    "1.310": -1.0331197742593103,
    "1.320": -1.0310726744786844,
    "1.330": -1.0290456485777357,
    "1.340": -1.027039341563176,
    "1.350": -1.0250543624687887,
    "1.360": -1.0230912848680698,
    "1.370": -1.0211506473960348,
    "1.380": -1.0192329542815894,
    "1.390": -1.017338675891708,
    "1.400": -1.0154682492882467,
    "1.410": -1.013622078797931,
    "1.420": -1.0118005365958742,
    "1.430": -1.0100039633026414,
    "1.440": -1.0082326685948688,
    "1.450": -1.0064869318291214,
    "1.460": -1.0047670026787017,
    "1.470": -1.003073101782917,
    "1.480": -1.0014054214083306,
    "1.490": -0.9997641261213253,
    "1.500": -0.9981493534714093,
    "1.510": -0.9965612146845099,
    "1.520": -0.9949997953655105,
    "1.530": -0.9934651562094202,
    "1.540": -0.9919573337202128,
    "1.550": -0.9904763409366272,
    "1.560": -0.9890221681641089,
    "1.570": -0.987594783712068,
    "1.580": -0.9861941346356117,
    "1.590": -0.9848201474808999,
    "1.600": -0.9834727290331735,
    "1.610": -0.9821517670667529,
    "1.620": -0.980857131095964,
    "1.630": -0.9795886731261833,
    "1.640": -0.978346228404062,
    "1.650": -0.9771296161660871,
    "1.660": -0.9759386403844567,
    "1.670": -0.9747730905094953,
    "1.680": -0.9736327422075989,
    "1.690": -0.9725173580938392,
    "1.700": -0.9714266884583416,
    "1.710": -0.970360471985506,
    "1.720": -0.9693184364651977,
    "1.730": -0.9683002994951058,
    "1.740": -0.9673057691733093,
    "1.750": -0.9663345447803102,
    "1.760": -0.9653863174496995,
    "1.770": -0.9644607708266922,
    "1.780": -0.963557581713768,
    "1.790": -0.9626764207027416,
    "1.800": -0.9618169527925803,
    "1.810": -0.96097883799232,
    "1.820": -0.960161731908515,
    "1.830": -0.9593652863166996,
    "1.840": -0.9585891497162949,
    "1.850": -0.9578329678685803,
    "1.860": -0.9570963843173456,
    "1.870": -0.956379040891806,
    "1.880": -0.9556805781915436,
    "1.890": -0.9550006360532047,
    "1.900": -0.9543388539987285,
    "1.910": -0.9536948716651386,
    "1.920": -0.9530683292155394,
    "1.930": -0.9524588677315096,
    "1.940": -0.95186612958674,
    "1.950": -0.9512897588020884,
    "1.960": -0.9507294013821053,
    "1.970": -0.9501847056331411,
    "1.980": -0.9496553224633025,
    "1.990": -0.9491409056643927,
    "2.000": -0.9486411121761859,
    "2.010": -0.9481556023332581,
    "2.020": -0.947684040094757,
    "2.030": -0.947226093257425,
    "2.040": -0.9467814336523223,
    "2.050": -0.9463497373256121,
    "2.060": -0.9459306847038365,
    "2.070": -0.9455239607441588,
    "2.080": -0.9451292550700405,
    "2.090": -0.9447462620928355,
    "2.100": -0.9443746811197442,
    "2.110": -0.9440142164487298,
    "2.120": -0.9436645774508127,
    "2.130": -0.9433254786403008,
    "2.140": -0.9429966397334835,
    "2.150": -0.9426777856962711,
    "2.160": -0.9423686467813531,
    "2.170": -0.9420689585553067,
    "2.180": -0.9417784619162846,
    "2.190": -0.9414969031026664,
    "2.200": -0.9412240336932607,
    "2.210": -0.9409596105995,
    "2.220": -0.9407033960501233,
    "2.230": -0.9404551575688447,
    "2.240": -0.9402146679454232,
    "2.250": -0.939981705200588,
    "2.260": -0.9397560525453242,
    "2.270": -0.9395374983348028,
    "2.280": -0.9393258360175433,
    "2.290": -0.9391208640800296,
    "2.300": -0.9389223859872751,
    "2.310": -0.9387302101196698,
    "2.320": -0.93854414970641,
    "2.330": -0.9383640227559856,
    "2.340": -0.9381896519838561,
    "2.350": -0.9380208647377859,
    "2.360": -0.9378574929210378,
    "2.370": -0.9376993729137445,
    "2.380": -0.9375463454926988,
    "2.390": -0.937398255749839,
    "2.400": -0.9372549530096297,
    "2.410": -0.9371162907455928,
    "2.420": -0.9369821264961797,
    "2.430": -0.9368523217801985,
    "2.440": -0.9367267420119298,
    "2.450": -0.936605256416193,
    "2.460": -0.9364877379434251,
    "2.470": -0.9363740631850044,
    "2.480": -0.936264112288885,
    "2.490": -0.9361577688757231,
    "2.500": -0.9360549199556062
}