{
    "0.20": 0.16417501206169538,
    "0.21": 0.049712339285303164,
    "0.22": -0.053034184597187554,
    "0.23": -0.14558702259601497,
    "0.24": -0.229218508377232,
    "0.25": -0.3050005337593634,
    "0.26": -0.37384276667514194,
    "0.27": -0.4365223784780814,
    "0.28": -0.4937074078593909,
    "0.29": -0.5459753012680778,
    "0.30": -0.5938277585357273,
    "0.31": -0.6377027205795636,
    "0.32": -0.6779841263069499,
    "0.33": -0.7150099133118334,
    "0.34": -0.7490786248200596,
    "0.35": -0.7804549020715269,
    "0.36": -0.8093740789103696,
    "0.37": -0.8360460481591625,
    "0.38": -0.8606585333753864,
    "0.39": -0.8833798719540984,
    "0.40": -0.90436139416354,
    "0.41": -0.9237394660537395,
    "0.42": -0.9416372511340401,
    "0.43": -0.9581662354342894,
    "0.44": -0.9734275524159968,
    "0.45": -0.9875131377072349,
    "0.46": -1.0005067384355244,
    "0.47": -1.0124847977498264,
    "0.48": -1.0235172317396255,
    "0.49": -1.0336681132113317,
    "0.50": -1.0429962745400967,
    "0.51": -1.051555839976174,
    "0.52": -1.0593966962707364,
    "0.53": -1.0665649092317362,
    "0.54": -1.0731030927767924,
    "0.55": -1.0790507361774584,
    "0.56": -1.0844444944544485,
    "0.57": -1.089318446261844,
    "0.58": -1.0937043230691441,
    "0.59": -1.0976317129965694,
    "0.60": -1.101128242267702,
    "0.61": -1.104219736904302,
    "0.62": -1.1069303669913464,
    "0.63": -1.1092827755799104,
    "0.64": -1.1112981940647864,
    "0.65": -1.112996545669168,
    "0.66": -1.1143965384858279,
    "0.67": -1.115515749360262,
    "0.68": -1.1163706997539764,
    "0.69": -1.1169769245934438,
    "0.70": -1.1173490349902793,
    "0.71": -1.1175007756103155,
    "0.72": -1.1174450773714708,
    "0.73": -1.1171941060626054,
    "0.74": -1.116759307396426,
    "0.75": -1.1161514489386024,
    "0.76": -1.1153806592921294,
    "0.77": -1.1144564648594395,
    "0.78": -1.1133878244551347,
    "0.79": -1.112183161998514,
    "0.80": -1.1108503974765949,
    "0.81": -1.1093969763354263,
    "0.82": -1.1078298974288865,
    "0.83": -1.1061557396306054,
    "0.84": -1.1043806871933546,
    "0.85": -1.1025105539245952,
    "0.86": -1.100550806232555,
    "0.87": -1.0985065850865954,
    "0.88": -1.096382726927186,
    "0.89": -1.0941837835544925,
    "0.90": -1.0919140410200563,
    "0.91": -1.0895775375431487,
    "0.92": -1.0871780804716091,
    "0.93": -1.0847192623062556,
    "0.94": -1.082204475808392,
    "0.95": -1.0796369282103724,
    "0.96": -1.0770196545506403,
    "0.97": -1.0743555301560483,
    "0.98": -1.0716472822963237,
    "0.99": -1.0688975010368338,
    "1.00": -1.0661086493179361,
    "1.01": -1.0632830722907267,
    "1.02": -1.060423005940449,
    "1.03": -1.0575305850301686,
    "1.04": -1.0546078503987502,
    "1.05": -1.0516567556468384,
    "1.06": -1.0486791732465128,
    "1.07": -1.0456769001094672,
    "1.08": -1.042651662649153,
    "1.09": -1.039605121371536,
    "1.10": -1.0365388750291802,
    "1.11": -1.0334544643721848,
    "1.12": -1.0303533755287049,
    "1.13": -1.0272370430467515,
    "1.14": -1.0241068526276171,
    "1.15": -1.0209641435798937,
    "1.16": -1.017810211021606,
    "1.17": -1.0146463078563206,
    "1.18": -1.011473646547595,
    "1.19": -1.0082934007144042,
    "1.20": -1.00510670656849,
    "1.21": -1.001914664213063,
    "1.22": -0.9987183388204817,
    "1.23": -0.9955187617050725,
    "1.24": -0.992316931305659,
    "1.25": -0.9891138140908918,
    "1.26": -0.9859103453990605,
    "1.27": -0.982707430222752,
    "1.28": -0.9795059439474413,
    "1.29": -0.9763067330519423,
    "1.30": -0.9731106157775776,
    "1.31": -0.9699183827719146,
    "1.32": -0.9667307977120414,
    "1.33": -0.9635485979112898,
    "1.34": -0.9603724949131371,
    "1.35": -0.9572031750747303,
    "1.36": -0.954041300142134,
    "1.37": -0.9508875078191077,
    "1.38": -0.9477424123304138,
    "1.39": -0.94460660498047,
    "1.40": -0.9414806547077982,
    "1.41": -0.938365108635431,
    "1.42": -0.9352604926172465,
    "1.43": -0.932167311779978,
    "1.44": -0.9290860510605331,
    "1.45": -0.9260171757381515,
    "1.46": -0.9229611319608264,
    "1.47": -0.9199183472654081,
    "1.48": -0.9168892310907535,
    "1.49": -0.9138741752832933,
    "1.50": -0.9108735545943862,
    "1.51": -0.9078877271688893,
    "1.52": -0.9049170350243109,
    "1.53": -0.9019618045202049,
    "1.54": -0.8990223468171328,
    "1.55": -0.8960989583249411,
    "1.56": -0.8931919211399363,
    "1.57": -0.8903015034707272,
    "1.58": -0.8874279600524922,
    "1.59": -0.8845715325495568,
    "1.60": -0.8817324499460563,
    "1.61": -0.8789109289248501,
    "1.62": -0.876107174234546,
    "1.63": -0.8733213790447969,
    "1.64": -0.870553725289937,
    "1.65": -0.8678043840012171,
    "1.66": -0.8650735156277102,
    "1.67": -0.8623612703462885,
    "1.68": -0.8596677883608327,
    "1.69": -0.856993200191062,
    "1.70": -0.8543376269512919,
    "1.71": -0.8517011806194835,
    "1.72": -0.8490839642969272,
    "1.73": -0.8464860724590164,
    "1.74": -0.8439075911974476,
    "1.75": -0.8413485984542791,
    "1.76": -0.8388091642482517,
    "1.77": -0.8362893508937775,
    "1.78": -0.833789213213006,
    "1.79": -0.8313087987413665,
    "1.80": -0.8288481479269769,
    "1.81": -0.8264072943243244,
    "1.82": -0.8239862647825532,
    "1.83": -0.8215850796287829,
    "1.84": -0.8192037528466994,
    "1.85": -0.8168422922508729,
    "1.86": -0.8145006996570744,
    "1.87": -0.8121789710488314,
    "1.88": -0.809877096740579,
    "1.89": -0.8075950615376525,
    "1.90": -0.805332844893277,
    "1.91": -0.8030904210630053,
    "1.92": -0.8008677592565332,
    "1.93": -0.7986648237872583,
    "1.94": -0.7964815742197006,
    "1.95": -0.7943179655149312,
    "1.96": -0.7921739481741508,
    "1.97": -0.7900494683805345,
    "1.98": -0.7879444681394262,
    "1.99": -0.7858588854169889,
    "2.00": -0.7837926542773528,
    "2.01": -0.7817457050183271,
    "2.02": -0.7797179643057022,
    "2.03": -0.7777093553061841,
    "2.04": -0.7757197978189461,
    "2.05": -0.7737492084058429,
    "2.06": -0.7717975005202217,
    "2.07": -0.7698645846343262,
    "2.08": -0.7679503683653136,
    "2.09": -0.7660547565997833,
    "2.10": -0.7641776516167974,
    "2.11": -0.7623189532093673,
    "2.12": -0.7604785588043151,
    "2.13": -0.7586563635804736,
    "2.14": -0.7568522605851573,
    "2.15": -0.7550661408488433,
    "2.16": -0.7532978934979858,
    "2.17": -0.7515474058659164,
    "2.18": -0.7498145636017292,
    "2.19": -0.7480992507771332,
    "2.20": -0.7464013499911595,
    "2.21": -0.74472074247267,
    "2.22": -0.7430573081806385,
    "2.23": -0.7414109259020925,
    "2.24": -0.7397814733476908,
    "2.25": -0.7381688272448951,
    "2.26": -0.7365728634286378,
    "2.27": -0.7349934569294997,
    "2.28": -0.7334304820593179,
    "2.29": -0.7318838124941935,
    "2.30": -0.7303533213548864,
    "2.31": -0.7288388812845613,
    "2.32": -0.7273403645238199,
    "2.33": -0.7258576429831322,
    "2.34": -0.7243905883124914,
    "2.35": -0.7229390719684008,
    "2.36": -0.7215029652781615,
    "2.37": -0.7200821395014643,
    "2.38": -0.718676465889296,
    "2.39": -0.7172858157401858,
    "2.40": -0.7159100604538065,
    "2.41": -0.714549071581953,
    "2.42": -0.7132027208769451,
    "2.43": -0.7118708803374796,
    "2.44": -0.7105534222519521,
    "2.45": -0.7092502192393468,
    "2.46": -0.7079611442876781,
    "2.47": -0.7066860707900834,
    "2.48": -0.7054248725785981,
    "2.49": -0.7041774239556788,
    "2.50": -0.7029435997235269
}