{
    "0.20": -56.15196151637781,
    "0.21": -57.7163049773467,
    "0.22": -59.123937180478336,
    "0.23": -60.39574449895705,
    "0.24": -61.54891381397828,
    "0.25": -62.59772385528297,
    "0.26": -63.55414448082998,
    "0.27": -64.42829694503483,
    "0.28": -65.22881201860486,
    "0.29": -65.96311159614058,
    "0.30": -66.63763171217956,
    "0.31": -67.25799968741521,
    "0.32": -67.82917472013256,
    "0.33": -68.3555590649029,
    "0.34": -68.84108555962806,
    "0.35": -69.2892863343928,
    "0.36": -69.70334682403579,
    "0.37": -70.08614857098144,
    "0.38": -70.44030368717831,
    "0.39": -70.76818324181544,
    "0.40": -71.0719412806626,
    "0.41": -71.35353569410756,
    "0.42": -71.61474675481243,
    "0.43": -71.85719384838232,
    "0.44": -72.08235071379976,
    "0.45": -72.29155937891827,
    "0.46": -72.4860429009457,
    "0.47": -72.66691698460518,
    "0.48": -72.83520053671356,
    "0.49": -72.99182521440504,
    "0.50": -73.13764402793127,
    "0.51": -73.27343906366451,
    "0.52": -73.39992839644233,
    "0.53": -73.51777226188676,
    "0.54": -73.62757855877749,
    "0.55": -73.72990774924766,
    "0.56": -73.82527722098885,
    "0.57": -73.91416517118016,
    "0.58": -73.99701406698583,
    "0.59": -74.07423373238073,
    "0.60": -74.14620410603042,
    "0.61": -74.21327771020394,
    "0.62": -74.27578186610823,
    "0.63": -74.3340206869098,
    "0.64": -74.38827687588442,
    "0.65": -74.43881335369718,
    "0.66": -74.48587473571651,
    "0.67": -74.52968867754574,
    "0.68": -74.57046710448631,
    "0.69": -74.60840733854047,
    "0.70": -74.64369313464039,
    "0.71": -74.67649563619048,
    "0.72": -74.7069742585521,
    "0.73": -74.73527750789076,
    "0.74": -74.76154374172921,
    "0.75": -74.78590187665934,
    "0.76": -74.8084720478765,
    "0.77": -74.82936622455479,
    "0.78": -74.84868878452848,
    "0.79": -74.86653705127365,
    "0.80": -74.88300179581194,
    "0.81": -74.89816770582095,
    "0.82": -74.91211382399068,
    "0.83": -74.92491395743444,
    "0.84": -74.93663705979318,
    "0.85": -74.94734758753775,
    "0.86": -74.95710583184007,
    "0.87": -74.96596822731665,
    "0.88": -74.97398763885411,
    "0.89": -74.9812136276828,
    "0.90": -74.98769269780733,
    "0.91": -74.99346852386947,
    "0.92": -74.99858216148887,
    "0.93": -75.0030722410885,
    "0.94": -75.00697514620022,
    "0.95": -75.01032517721384,
    "0.96": -75.0131547015068,
    "0.97": -75.01549429088031,
    "0.98": -75.01737284718361,
    "0.99": -75.01881771700175,
    "1.00": -75.01985479624297,
    "1.01": -75.02050862542326,
    "1.02": -75.0208024764358,
    "1.03": -75.02075843153771,
    "1.04": -75.02039745526625,
    "1.05": -75.01973945994173,
    "1.06": -75.01880336539786,
    "1.07": -75.0176071535223,
    "1.08": -75.01616791815846,
    "1.09": -75.0145019108845,
    "1.10": -75.01262458312608,
    "1.11": -75.01055062504864,
    "1.12": -75.008294001606,
    "1.13": -75.00586798611297,
    "1.14": -75.00328519163745,
    "1.15": -75.00055760051896,
    "1.16": -74.99769659224145,
    "1.17": -74.99471296987979,
    "1.18": -74.99161698532092,
    "1.19": -74.98841836338974,
    "1.20": -74.98512632505127,
    "1.21": -74.98174960975729,
    "1.22": -74.97829649706878,
    "1.23": -74.97477482758795,
    "1.24": -74.97119202327887,
    "1.25": -74.96755510720305,
    "1.26": -74.9638707227062,
    "1.27": -74.96014515205981,
    "1.28": -74.9563843345759,
    "1.29": -74.95259388418964,
    "1.30": -74.94877910650669,
    "1.31": -74.9449450152999,
    "1.32": -74.9410963484505,
    "1.33": -74.93723758330027,
    "1.34": -74.93337295144238,
    "1.35": -74.92950645286798,
    "1.36": -74.92564186951122,
    "1.37": -74.9217827781597,
    "1.38": -74.91793256270842,
    "1.39": -74.91409442575636,
    "1.40": -74.91027139954716,
    "1.41": -74.90646635623456,
    "1.42": -74.90268201748472,
    "1.43": -74.89892096340995,
    "1.44": -74.89518564084918,
    "1.45": -74.89147837099219,
    "1.46": -74.88780135637448,
    "1.47": -74.88415668725072,
    "1.48": -74.88054634736042,
    "1.49": -74.87697221912813,
    "1.50": -74.87343608829082,
    "1.51": -74.86993964801273,
    "1.52": -74.86648450248798,
    "1.53": -74.8630721700868,
    "1.54": -74.85970408605216,
    "1.55": -74.85638160480106,
    "1.56": -74.85310600185242,
    "1.57": -74.84987847542219,
    "1.58": -74.84670014772425,
    "1.59": -74.84357206599654,
    "1.60": -74.84049520331237,
    "1.61": -74.83747045919228,
    "1.62": -74.83449866005796,
    "1.63": -74.83158055956525,
    "1.64": -74.82871683884001,
    "1.65": -74.82590810666352,
    "1.66": -74.82315489960982,
    "1.67": -74.82045768220006,
    "1.68": -74.81781684706525,
    "1.69": -74.81523271516573,
    "1.70": -74.81270553608269,
    "1.71": -74.81023548838785,
    "1.72": -74.80782268013891,
    "1.73": -74.80546714949455,
    "1.74": -74.80316886545995,
    "1.75": -74.80092772879928,
    "1.76": -74.79874357308788,
    "1.77": -74.79661616595351,
    "1.78": -74.79454521046756,
    "1.79": -74.79253034672585,
    "1.80": -74.79057115359288,
    "1.81": -74.78866715062327,
    "1.82": -74.78681780015322,
    "1.83": -74.78502250954564,
    "1.84": -74.78328063359966,
    "1.85": -74.78159147710117,
    "1.86": -74.77995429750379,
    "1.87": -74.77836830773907,
    "1.88": -74.7768326791312,
    "1.89": -74.77534654439566,
    "1.90": -74.77390900073729,
    "1.91": -74.77251911298154,
    "1.92": -74.77117591676948,
    "1.93": -74.76987842176824,
    "1.94": -74.7686256148894,
    "1.95": -74.7674164634999,
    "1.96": -74.76624991860284,
    "1.97": -74.76512491797601,
    "1.98": -74.76404038923508,
    "1.99": -74.76299525285208,
    "2.00": -74.76198842503929,
    "2.01": -74.76101882056288,
    "2.02": -74.76008535542309,
    "2.03": -74.75918694940387,
    "2.04": -74.7583225284976,
    "2.05": -74.75749102717434,
    "2.06": -74.75669139050589,
    "2.07": -74.75592257612206,
    "2.08": -74.75518355603536,
    "2.09": -74.75447331827581,
    "2.10": -74.75379086837509,
    "2.11": -74.75313523071124,
    "2.12": -74.75250544966178,
    "2.13": -74.7519005906338,
    "2.14": -74.75131974093043,
    "2.15": -74.75076201048381,
    "2.16": -74.75022653244223,
    "2.17": -74.74971246363421,
    "2.18": -74.7492189849062,
    "2.19": -74.74874530135828,
    "2.20": -74.74829064245176,
    "2.21": -74.74785426203378,
    "2.22": -74.74743543828211,
    "2.23": -74.74703347352629,
    "2.24": -74.74664769404266,
    "2.25": -74.74627744976704,
    "2.26": -74.74592211392529,
    "2.27": -74.74558108264695,
    "2.28": -74.74525377451278,
    "2.29": -74.74493963005962,
    "2.30": -74.74463811128157,
    "2.31": -74.74434870106889,
    "2.32": -74.74407090265746,
    "2.33": -74.74380423902454,
    "2.34": -74.74354825231805,
    "2.35": -74.74330250322573,
    "2.36": -74.74306657040738,
    "2.37": -74.74284004984794,
    "2.38": -74.74262255426483,
    "2.39": -74.74241371251756,
    "2.40": -74.74221316899285,
    "2.41": -74.74202058303119,
    "2.42": -74.7418356283361,
    "2.43": -74.7416579924306,
    "2.44": -74.74148737608402,
    "2.45": -74.7413234927793,
    "2.46": -74.74116606819575,
    "2.47": -74.74101483969176,
    "2.48": -74.74086955573972,
    "2.49": -74.74072997583475,
    "2.50": -74.74059586927675
}