{
    "0.20": -88.79560917500217,
    "0.21": -89.64167399619132,
    "0.22": -90.4013641507229,
    "0.23": -91.08588960127717,
    "0.24": -91.70455869018711,
    "0.25": -92.26518462403746,
    "0.26": -92.77439079563403,
    "0.27": -93.23784252708681,
    "0.28": -93.66042466279627,
    "0.29": -94.04637894386916,
    "0.30": -94.3994113123597,
    "0.31": -94.72277662637066,
    "0.32": -95.01934633606093,
    "0.33": -95.29166324399623,
    "0.34": -95.54198640621068,
    "0.35": -95.77232843060382,
    "0.36": -95.98448683380427,
    "0.37": -96.18007067947684,
    "0.38": -96.3605234032542,
    "0.39": -96.52714250198558,
    "0.40": -96.68109660355599,
    "0.41": -96.82344031934925,
    "0.42": -96.95512720013332,
    "0.43": -97.07702105737155,
    "0.44": -97.18990586845287,
    "0.45": -97.29449445112512,
    "0.46": -97.39143606621774,
    "0.47": -97.48132308641758,
    "0.48": -97.5646968511118,
    "0.49": -97.6420528120998,
    "0.50": -97.71384506192759,
    "0.51": -97.78049032509527,
    "0.52": -97.84237148236983,
    "0.53": -97.8998406895227,
    "0.54": -97.95322214398591,
    "0.55": -98.00281454596883,
    "0.56": -98.04889329441608,
    "0.57": -98.09171245282492,
    "0.58": -98.13150651508712,
    "0.59": -98.1684919973802,
    "0.60": -98.20286887844587,
    "0.61": -98.23482190735976,
    "0.62": -98.26452179512957,
    "0.63": -98.29212630405827,
    "0.64": -98.31778124668364,
    "0.65": -98.34162140438397,
    "0.66": -98.36377137417753,
    "0.67": -98.38434635097698,
    "0.68": -98.40345285146796,
    "0.69": -98.421189384873,
    "0.70": -98.4376470751023,
    "0.71": -98.45291023816358,
    "0.72": -98.46705691818453,
    "0.73": -98.48015938497215,
    "0.74": -98.49228459569922,
    "0.75": -98.50349462301408,
    "0.76": -98.51384705164405,
    "0.77": -98.52339534540396,
    "0.78": -98.53218918633523,
    "0.79": -98.54027478761817,
    "0.80": -98.54769518180963,
    "0.81": -98.55449048583094,
    "0.82": -98.56069814413512,
    "0.83": -98.56635315139684,
    "0.84": -98.57148825599461,
    "0.85": -98.57613414557831,
    "0.86": -98.58031961591374,
    "0.87": -98.58407172418883,
    "0.88": -98.58741592792445,
    "0.89": -98.59037621058695,
    "0.90": -98.5929751949606,
    "0.91": -98.59523424530768,
    "0.92": -98.59717355927415,
    "0.93": -98.59881225048817,
    "0.94": -98.60016842271824,
    "0.95": -98.60125923643865,
    "0.96": -98.60210096857021,
    "0.97": -98.6027090661473,
    "0.98": -98.60309819458317,
    "0.99": -98.60328228117223,
    "1.00": -98.60327455440276,
    "1.01": -98.6030875796356,
    "1.02": -98.60273329159882,
    "1.03": -98.60222302417012,
    "1.04": -98.60156753781301,
    "1.05": -98.6007770450313,
    "1.06": -98.59986123413637,
    "1.07": -98.59882929160153,
    "1.08": -98.59768992323458,
    "1.09": -98.59645137435116,
    "1.10": -98.59512144913886,
    "1.11": -98.59370752931424,
    "1.12": -98.59221659221085,
    "1.13": -98.59065522836788,
    "1.14": -98.5890296586875,
    "1.15": -98.58734575120313,
    "1.16": -98.58560903749915,
    "1.17": -98.58382472878836,
    "1.18": -98.58199773164566,
    "1.19": -98.58013266342415,
    "1.20": -98.57823386729603,
    "1.21": -98.57630542693911,
    "1.22": -98.57435118083735,
    "1.23": -98.57237473614975,
    "1.24": -98.57037948216357,
    "1.25": -98.56836860325939,
    "1.26": -98.56634509140594,
    "1.27": -98.56431175813674,
    "1.28": -98.56227124598782,
    "1.29": -98.56022603939675,
    "1.30": -98.55817847503067,
    "1.31": -98.55613075154356,
    "1.32": -98.55408493874478,
    "1.33": -98.55204298619678,
    "1.34": -98.55000673121697,
    "1.35": -98.54797790630451,
    "1.36": -98.54595814600559,
    "1.37": -98.54394899321646,
    "1.38": -98.54195190493863,
    "1.39": -98.5399682575263,
    "1.40": -98.53799935142223,
    "1.41": -98.53604641541872,
    "1.42": -98.53411061047397,
    "1.43": -98.53219303309697,
    "1.44": -98.53029471834722,
    "1.45": -98.52841664246608,
    "1.46": -98.52655972517837,
    "1.47": -98.52472483169302,
    "1.48": -98.52291277443513,
    "1.49": -98.5211243145383,
    "1.50": -98.51936016313172,
    "1.51": -98.51762098244686,
    "1.52": -98.51590738677889,
    "1.53": -98.51421994332286,
    "1.54": -98.51255917291547,
    "1.55": -98.51092555070674,
    "1.56": -98.50931950678115,
    "1.57": -98.50774142674983,
    "1.58": -98.50619165233577,
    "1.59": -98.50467048196653,
    "1.60": -98.50317817138139,
    "1.61": -98.50171493428599,
    "1.62": -98.50028094303678,
    "1.63": -98.49887632939456,
    "1.64": -98.49750118532268,
    "1.65": -98.4961555638656,
    "1.66": -98.49483948008468,
    "1.67": -98.4935529120666,
    "1.68": -98.49229580200543,
    "1.69": -98.49106805735076,
    "1.70": -98.48986955201947,
    "1.71": -98.4887001276766,
    "1.72": -98.48755959506094,
    "1.73": -98.4864477353833,
    "1.74": -98.48536430174842,
    "1.75": -98.48430902063548,
    "1.76": -98.48328159339547,
    "1.77": -98.48228169778952,
    "1.78": -98.48130898953265,
    "1.79": -98.4803631038552,
    "1.80": -98.47944365706059,
    "1.81": -98.47855024809256,
    "1.82": -98.47768246007442,
    "1.83": -98.47683986184508,
    "1.84": -98.4760220094632,
    "1.85": -98.47522844768486,
    "1.86": -98.47445871140737,
    "1.87": -98.47371232707172,
    "1.88": -98.472988814018,
    "1.89": -98.47228768580194,
    "1.90": -98.47160845145144,
    "1.91": -98.47095061667102,
    "1.92": -98.470313684996,
    "1.93": -98.46969715887889,
    "1.94": -98.46910054072585,
    "1.95": -98.46852333386704,
    "1.96": -98.46796504346669,
    "1.97": -98.46742517737917,
    "1.98": -98.46690324693503,
    "1.99": -98.46639876767443,
    "2.00": -98.465911260021,
    "2.01": -98.46544024989636,
    "2.02": -98.46498526927971,
    "2.03": -98.4645458567155,
    "2.04": -98.46412155776554,
    "2.05": -98.46371192541329,
    "2.06": -98.46331652041866,
    "2.07": -98.4629349116305,
    "2.08": -98.46256667624876,
    "2.09": -98.46221140005161,
    "2.10": -98.46186867758142,
    "2.11": -98.46153811229561,
    "2.12": -98.46121931668144,
    "2.13": -98.46091191233754,
    "2.14": -98.46061553003041,
    "2.15": -98.46032980971937,
    "2.16": -98.46005440056368,
    "2.17": -98.45978896089042,
    "2.18": -98.45953315816419,
    "2.19": -98.45928666891537,
    "2.20": -98.45904917866665,
    "2.21": -98.45882038183352,
    "2.22": -98.45859998162369,
    "2.23": -98.45838768990707,
    "2.24": -98.45818322708729,
    "2.25": -98.45798632196524,
    "2.26": -98.45779671157773,
    "2.27": -98.4576141410554,
    "2.28": -98.45743836344937,
    "2.29": -98.45726913956732,
    "2.30": -98.4571062378022,
    "2.31": -98.45694943396084,
    "2.32": -98.45679851108078,
    "2.33": -98.45665325926072,
    "2.34": -98.45651347547485,
    "2.35": -98.45637896339787,
    "2.36": -98.45624953322546,
    "2.37": -98.45612500149515,
    "2.38": -98.4560051909127,
    "2.39": -98.45588993017648,
    "2.40": -98.45577905380136,
    "2.41": -98.45567240195332,
    "2.42": -98.45556982027914,
    "2.43": -98.45547115974021,
    "2.44": -98.45537627645287,
    "2.45": -98.4552850315262,
    "2.46": -98.45519729091168,
    "2.47": -98.45511292524522,
    "2.48": -98.45503180969833,
    "2.49": -98.45495382383918,
    "2.50": -98.45487885148462
}