{
    "0.20": -4.041729925672335,
    "0.21": -4.325091587472507,
    "0.22": -4.577598467072868,
    "0.23": -4.803587602190451,
    "0.24": -5.0066420819925,
    "0.25": -5.189747760130575,
    "0.26": -5.355413179651028,
    "0.27": -5.5057621683114535,
    "0.28": -5.642605924864505,
    "0.29": -5.767499576540703,
    "0.30": -5.881786884608359,
    "0.31": -5.986635838942061,
    "0.32": -6.083067201542281,
    "0.33": -6.171977557041446,
    "0.34": -6.254158053345399,
    "0.35": -6.330309731351754,
    "0.36": -6.401056123495325,
    "0.37": -6.466953628698566,
    "0.38": -6.528500034433378,
    "0.39": -6.5861414495649315,
    "0.40": -6.640277835967104,
    "0.41": -6.691267291023198,
    "0.42": -6.739429248767655,
    "0.43": -6.785046838642933,
    "0.44": -6.828368747211735,
    "0.45": -6.869611013735278,
    "0.46": -6.908959179713936,
    "0.47": -6.946571060077567,
    "0.48": -6.982580145637455,
    "0.49": -7.017099394255254,
    "0.50": -7.050225035299922,
    "0.51": -7.0820400357271165,
    "0.52": -7.1126170069131565,
    "0.53": -7.14202048537795,
    "0.54": -7.1703086363682305,
    "0.55": -7.197534487769771,
    "0.56": -7.223746813557156,
    "0.57": -7.248990771222442,
    "0.58": -7.273308373353464,
    "0.59": -7.296738849769624,
    "0.60": -7.319318937542146,
    "0.61": -7.341083122515951,
    "0.62": -7.36206384683045,
    "0.63": -7.382291691191246,
    "0.64": -7.401795537186868,
    "0.65": -7.420602712948434,
    "0.66": -7.438739124324668,
    "0.67": -7.456229373139916,
    "0.68": -7.473096863772265,
    "0.69": -7.489363899111997,
    "0.70": -7.505051766852378,
    "0.71": -7.520180816992438,
    "0.72": -7.534770531370111,
    "0.73": -7.5488395859872846,
    "0.74": -7.562405906833267,
    "0.75": -7.575486719856044,
    "0.76": -7.588098595680299,
    "0.77": -7.600257489616042,
    "0.78": -7.611978777456252,
    "0.79": -7.623277287516126,
    "0.80": -7.634167329324344,
    "0.81": -7.6446627193419365,
    "0.82": -7.654776804047609,
    "0.83": -7.6645224807001675,
    "0.84": -7.673912216058006,
    "0.85": -7.682958063311738,
    "0.86": -7.691671677461493,
    "0.87": -7.700064329348165,
    "0.88": -7.708146918527005,
    "0.89": -7.715929985154068,
    "0.90": -7.723423721034668,
    "0.91": -7.730637979969563,
    "0.92": -7.737582287515163,
    "0.93": -7.744265850260623,
    "0.94": -7.750697564710109,
    "0.95": -7.756886025844553,
    "0.96": -7.7628395354266,
    "0.97": -7.768566110099248,
    "0.98": -7.774073489320769,
    "0.99": -7.779369143167855,
    "1.00": -7.784460280031233,
    "1.01": -7.789353854222058,
    "1.02": -7.794056573499343,
    "1.03": -7.798574906525866,
    "1.04": -7.802915090254192,
    "1.05": -7.807083137240934,
    "1.06": -7.811084842886157,
    "1.07": -7.814925792590163,
    "1.08": -7.81861136882226,
    "1.09": -7.822146758090005,
    "1.10": -7.8255369578024805,
    "1.11": -7.828786783016169,
    "1.12": -7.83190087305515,
    "1.13": -7.834883697996676,
    "1.14": -7.837739565013896,
    "1.15": -7.840472624567492,
    "1.16": -7.843086876440936,
    "1.17": -7.84558617561225,
    "1.18": -7.84797423795826,
    "1.19": -7.850254645786998,
    "1.20": -7.852430853195915,
    "1.21": -7.8545061912530345,
    "1.22": -7.8564838730011415,
    "1.23": -7.858366998283908,
    "1.24": -7.860158558394297,
    "1.25": -7.861861440547615,
    "1.26": -7.863478432179943,
    "1.27": -7.865012225074744,
    "1.28": -7.866465419321261,
    "1.29": -7.867840527107602,
    "1.30": -7.869139976352,
    "1.31": -7.870366114177825,
    "1.32": -7.87152121023492,
    "1.33": -7.872607459873808,
    "1.34": -7.873626987176185,
    "1.35": -7.87458184784782,
    "1.36": -7.8754740319779755,
    "1.37": -7.876305466671285,
    "1.38": -7.877078018556665,
    "1.39": -7.8777934961787714,
    "1.40": -7.878453652277164,
    "1.41": -7.879060185957202,
    "1.42": -7.879614744759558,
    "1.43": -7.880118926631006,
    "1.44": -7.880574281802689,
    "1.45": -7.880982314579996,
    "1.46": -7.881344485048164,
    "1.47": -7.881662210698343,
    "1.48": -7.881936867977623,
    "1.49": -7.882169793768484,
    "1.50": -7.882362286798663,
    "1.51": -7.88251560898853,
    "1.52": -7.882630986735862,
    "1.53": -7.882709612144677,
    "1.54": -7.882752644198731,
    "1.55": -7.882761209883629,
    "1.56": -7.882736405260346,
    "1.57": -7.882679296492705,
    "1.58": -7.882590920831546,
    "1.59": -7.882472287557192,
    "1.60": -7.882324378883495,
    "1.61": -7.882148150824782,
    "1.62": -7.881944534027784,
    "1.63": -7.881714434570913,
    "1.64": -7.8814587347316545,
    "1.65": -7.881178293725011,
    "1.66": -7.880873948412981,
    "1.67": -7.880546513988042,
    "1.68": -7.880196784631043,
    "1.69": -7.879825534144585,
    "1.70": -7.87943351656426,
    "1.71": -7.8790214667474165,
    "1.72": -7.878590100941575,
    "1.73": -7.878140117332832,
    "1.74": -7.877672196575709,
    "1.75": -7.877187002304559,
    "1.76": -7.8766851816282575,
    "1.77": -7.876167365608172,
    "1.78": -7.875634169720584,
    "1.79": -7.875086194303777,
    "1.80": -7.874524024991326,
    "1.81": -7.873948233130808,
    "1.82": -7.87335937618984,
    "1.83": -7.872757998149255,
    "1.84": -7.872144629883639,
    "1.85": -7.871519789530735,
    "1.86": -7.870883982848921,
    "1.87": -7.870237703564129,
    "1.88": -7.869581433706106,
    "1.89": -7.868915643934243,
    "1.90": -7.86824079385379,
    "1.91": -7.867557332322564,
    "1.92": -7.866865697748233,
    "1.93": -7.866166318376667,
    "1.94": -7.865459612571577,
    "1.95": -7.864745989085658,
    "1.96": -7.864025847323737,
    "1.97": -7.863299577597242,
    "1.98": -7.862567561371503,
    "1.99": -7.861830171505091,
    "2.00": -7.8610877724815165,
    "2.01": -7.860340720633784,
    "2.02": -7.859589364361734,
    "2.03": -7.858834044342148,
    "2.04": -7.858075093732037,
    "2.05": -7.857312838364863,
    "2.06": -7.8565475969407075,
    "2.07": -7.855779681208716,
    "2.08": -7.855009396143724,
    "2.09": -7.854237040116391,
    "2.10": -7.85346290505661,
    "2.11": -7.852687276610687,
    "2.12": -7.851910434292411,
    "2.13": -7.8511326516276,
    "2.14": -7.850354196292833,
    "2.15": -7.849575330247764,
    "2.16": -7.848796309861617,
    "2.17": -7.848017386033416,
    "2.18": -7.8472388043065076,
    "2.19": -7.846460804977235,
    "2.20": -7.845683623197197,
    "2.21": -7.844907489070531,
    "2.22": -7.844132627744826,
    "2.23": -7.843359259496781,
    "2.24": -7.842587599811777,
    "2.25": -7.841817859458499,
    "2.26": -7.841050244557779,
    "2.27": -7.8402849566459745,
    "2.28": -7.839522192733225,
    "2.29": -7.838762145356905,
    "2.30": -7.838005002629266,
    "2.31": -7.837250948280677,
    "2.32": -7.836500161698372,
    "2.33": -7.835752817959381,
    "2.34": -7.835009087860557,
    "2.35": -7.834269137943118,
    "2.36": -7.833533130513374,
    "2.37": -7.832801223659838,
    "2.38": -7.832073571266193,
    "2.39": -7.831350323021024,
    "2.40": -7.8306316244241145,
    "2.41": -7.829917616789828,
    "2.42": -7.82920843724785,
    "2.43": -7.828504218740999,
    "2.44": -7.827805090021152,
    "2.45": -7.827111175643508,
    "2.46": -7.826422595958556,
    "2.47": -7.825739467103214,
    "2.48": -7.825061900991011,
    "2.49": -7.824390005301124,
    "2.50": -7.823723883467704,
    "2.51": -7.823063634668601,
    "2.52": -7.822409353814791,
    "2.53": -7.82176113154032,
    "2.54": -7.821119054193188,
    "2.55": -7.820483203827563,
    "2.56": -7.819853658197612,
    "2.57": -7.81923049075351,
    "2.58": -7.818613770638935,
    "2.59": -7.818003562692281,
    "2.60": -7.817399927449405,
    "2.61": -7.81680292115073,
    "2.62": -7.816212595750087,
    "2.63": -7.815687054554184,
    "2.64": -7.815109550704571,
    "2.65": -7.814538854322112,
    "2.66": -7.813975000807836,
    "2.67": -7.813418021379689,
    "2.68": -7.812867943105408,
    "2.69": -7.812324788940459,