{
    "0.5": -1.5066685458330673,
    "0.51": -1.5264660069007094,
    "0.52": -1.5464644952480748,
    "0.53": -1.5666534992810421,
    "0.54": -1.587023104287567,
    "0.55": -1.6075639683203933,
    "0.56": -1.6282672961139837,
    "0.5700000000000001": -1.6491248118923192,
    "0.58": -1.6701287317417333,
    "0.59": -1.6912717360693128,
    "0.6": -1.7125469425396898,
    "0.61": -1.733947879778731,
    "0.62": -1.7554684620483076,
    "0.63": -1.77710296502918,
    "0.64": -1.79884600279618,
    "0.65": -1.8206925060289292,
    "0.66": -1.8426377014700093,
    "0.67": -1.8646770926190435,
    "0.68": -1.8868064416340353,
    "0.6900000000000001": -1.9090217523990332,
    "0.7000000000000001": -1.9313192547089324,
    "0.71": -1.9536953895170093,
    "0.72": -1.9761467951877774,
    "0.73": -1.9986702946967014,
    "0.74": -2.021262883718363,
    "0.75": -2.043921719545913,
    "0.76": -2.0666441107863434,
    "0.77": -2.089427507778457,
    "0.78": -2.1122694936830277,
    "0.79": -2.135167776197207,
    "0.8": -2.158120179848367,
    "0.81": -2.181124638825067,
    "0.8200000000000001": -2.204179190305862,
    "0.8300000000000001": -2.227281968249243,
    "0.84": -2.250431197610636,
    "0.85": -2.273625188954814,
    "0.86": -2.296862333434467,
    "0.87": -2.3201410981077557,
    "0.88": -2.343460021569875,
    "0.89": -2.3668177098753684,
    "0.9": -2.3902128327299517,
    "0.91": -2.413644119931973,
    "0.92": -2.4371103580454103,
    "0.93": -2.460610387287581,
    "0.9400000000000001": -2.484143098616018,
    "0.9500000000000001": -2.5077074310003225,
    "0.96": -2.5313023688657146,
    "0.97": -2.554926939696119,
    "0.98": -2.578580211785626,
    "0.99": -2.6022612921278263,
    "1.0": -2.6259693244335858,
    "1.01": -2.649703487268274,
    "1.02": -2.6734629923003674,
    "1.03": -2.6972470826537727,
    "1.04": -2.7210550313569644,
    "1.05": -2.7448861398823663,
    "1.06": -2.768739736770056,
    "1.07": -2.792615176330206,
    "1.08": -2.8165118374190503,
    "1.09": -2.8404291222837683,
    "1.1": -2.86436645547166,
    "1.11": -2.8883232827996013,
    "1.12": -2.9122990703800133,
    "1.1300000000000001": -2.936293303699649,
    "1.1400000000000001": -2.960305486748037,
    "1.1500000000000001": -2.9843351411924344,
    "1.16": -3.008381805596461,
    "1.17": -3.0324450346797587,
    "1.18": -3.056524398616176,
    "1.19": -3.080619482368178,
    "1.2": -3.1047298850553506,
    "1.21": -3.1288552193549655,
    "1.22": -3.152995110932698,
    "1.23": -3.177149197901825,
    "1.24": -3.2013171303092003,
    "1.25": -3.2254985696464598,
    "1.26": -3.249693188385132,
    "1.27": -3.2739006695341426,
    "1.28": -3.2981207062186435,
    "1.29": -3.322353001278821,
    "1.3": -3.3465972668876764,
    "1.31": -3.370853224186769,
    "1.32": -3.395120602938828,
    "1.33": -3.4193991411964557,
    "1.34": -3.443688584985963,
    "1.35": -3.467988688005631,
    "1.36": -3.492299211337531,
    "1.37": -3.516619923172275,
    "1.3800000000000001": -3.540950598546047,
    "1.3900000000000001": -3.565291019089128,
    "1.4000000000000001": -3.589640972785566,
    "1.41": -3.6140002537431943,
    "1.42": -3.638368661973647,
    "1.43": -3.6627460031817614,
    "1.44": -3.6871320885639767,
    "1.45": -3.711526734615197,
    "1.46": -3.73592976294387,
    "1.47": -3.7603410000946185,
    "1.48": -3.7847602773783504,
    "1.49": -3.8091874307092684
}