{
    "0.90": -2.3902128327299588,
    "0.91": -2.413644119931973,
    "0.92": -2.4347621949038265,
    "0.93": -2.4582588957552822,
    "0.94": -2.479433993383169,
    "0.95": -2.5029920842213667,
    "0.96": -2.5242207326038897,
    "0.97": -2.5478365131887744,
    "0.98": -2.569115516794349,
    "0.99": -2.6141119914207884,
    "1.00": -2.6378331895616047,
    "1.01": -2.6592042912899747,
    "1.02": -2.682973719567333,
    "1.03": -2.704386994458479,
    "1.04": -2.7282019631962564,
    "1.05": -2.7496550812161193,
    "1.06": -2.7735130974908406,
    "1.07": -2.795003897512862,
    "1.08": -2.8189026475018797,
    "1.09": -2.8404291222837856,
    "1.10": -2.8643664554716657
}