{
    "0.5": -1.8240574526396878,
    "0.51": -1.8473315947430777,
    "0.52": -1.8708751662816792,
    "0.53": -1.894673543554217,
    "0.54": -1.9187129358298278,
    "0.55": -1.942980361186834,
    "0.56": -1.9674636159827275,
    "0.5700000000000001": -1.992151240073349,
    "0.58": -2.0170324794651044,
    "0.59": -2.0420972477118826,
    "0.6": -2.0673360870567428,
    "0.61": -2.092740130062601,
    "0.62": -2.1183010622699756,
    "0.63": -2.144011086255894,
    "0.64": -2.1698628873401447,
    "0.65": -2.195849601086246,
    "0.66": -2.221964782669928,
    "0.67": -2.248202378132097,
    "0.68": -2.2745566974928813,
    "0.6900000000000001": -2.3010223896746393,
    "0.7000000000000001": -2.3275944191622666,
    "0.71": -2.354268044316604,
    "0.72": -2.381038797249485,
    "0.73": -2.4079024651655967,
    "0.74": -2.434855073075868,
    "0.75": -2.4618928677886514,
    "0.76": -2.489012303087957,
    "0.77": -2.516210026011977,
    "0.78": -2.5434828641495897,
    "0.79": -2.5708278138774716,
    "0.8": -2.5982420294653936,
    "0.81": -2.6257228129821986,
    "0.8200000000000001": -2.6532676049398436,
    "0.8300000000000001": -2.680873975617589,
    "0.84": -2.7085396170127845,
    "0.85": -2.7362623353689566,
    "0.86": -2.764040044235754,
    "0.87": -2.791870758019101,
    "0.88": -2.8197525859831116,
    "0.89": -2.847683726668643,
    "0.9": -2.8756624626961504,
    "0.91": -2.903687155923207,
    "0.92": -2.931756242929466,
    "0.93": -2.959868230804174,
    "0.9400000000000001": -2.98802169321328,
    "0.9500000000000001": -3.016215266725149,
    "0.96": -3.0444476473756077,
    "0.97": -3.072717587454584,
    "0.98": -3.1010238924980533,
    "0.99": -3.1293654184703823,
    "1.0": -3.157741069123239,
    "1.01": -3.1861497935184886,
    "1.02": -3.2145905837033726,
    "1.03": -3.243062472527248,
    "1.04": -3.2715645315900224,
    "1.05": -3.300095869313136,
    "1.06": -3.3286556291246963,
    "1.07": -3.357242987750969,
    "1.08": -3.385857153607103,
    "1.09": -3.4144973652803876,
    "1.1": -3.443162890099961,
    "1.11": -3.4718530227872413,
    "1.12": -3.5005670841818857,
    "1.1300000000000001": -3.529304420038323,
    "1.1400000000000001": -3.5580643998884125,
    "1.1500000000000001": -3.5868464159659896,
    "1.16": -3.6156498821893996,
    "1.17": -3.6444742331984723,
    "1.18": -3.673318923442452,
    "1.19": -3.7021834263158775,
    "1.2": -3.7310672333394304,
    "1.21": -3.759969853383056,
    "1.22": -3.7888908119288165,
    "1.23": -3.8178296503711793,
    "1.24": -3.8467859253524517,
    "1.25": -3.8757592081313765,
    "1.26": -3.904749083982972,
    "1.27": -3.9337551516277687,
    "1.28": -3.9627770226888557,
    "1.29": -3.991814321175086,
    "1.3": -4.020866682989012,
    "1.31": -4.049933755458217,
    "1.32": -4.0790151968886645,
    "1.33": -4.1081106761389465,
    "1.34": -4.137219872214277,
    "1.35": -4.166342473879088,
    "1.36": -4.195478179287397,
    "1.37": -4.2246266956298415,
    "1.3800000000000001": -4.253787738796589,
    "1.3900000000000001": -4.282961033055309,
    "1.4000000000000001": -4.312146310743348,
    "1.41": -4.341343311973462,
    "1.42": -4.370551784352373,
    "1.43": -4.399771482711484,
    "1.44": -4.4290021688491965,
    "1.45": -4.458243611284187,
    "1.46": -4.487495585019163,
    "1.47": -4.516757871314504,
    "1.48": -4.546030257471413,
    "1.49": -4.5753125366239935
}