{
    "0.5": -2.4594878618648544,
    "0.51": -2.4896227132504913,
    "0.52": -2.520176445876977,
    "0.53": -2.5511247073926486,
    "0.54": -2.5824445551310977,
    "0.55": -2.614114450383257,
    "0.56": -2.6461142261098294,
    "0.5700000000000001": -2.6784250362539455,
    "0.58": -2.7110292931051765,
    "0.59": -2.7439105976692724,
    "0.6": -2.7770536667449632,
    "0.61": -2.8104442593945653,
    "0.62": -2.8440691046966804,
    "0.63": -2.8779158320543874,
    "0.64": -2.9119729048698377,
    "0.65": -2.9462295580542612,
    "0.66": -2.9806757395956027,
    "0.67": -3.0153020562317847,
    "0.68": -3.050099723158247,
    "0.6900000000000001": -3.0850605176196177,
    "0.7000000000000001": -3.120176736186702,
    "0.71": -3.155441155492359,
    "0.72": -3.1908469961877315,
    "0.73": -3.2263878898784353,
    "0.74": -3.2620578488057324,
    "0.75": -3.2978512380472216,
    "0.76": -3.3337627500246088,
    "0.77": -3.3697873811196715,
    "0.78": -3.405920410214323,
    "0.79": -3.4421573789853266,
    "0.8": -3.478494073798079,
    "0.81": -3.5149265090576263,
    "0.8200000000000001": -3.5514509118873505,
    "0.8300000000000001": -3.588063708017932,
    "0.84": -3.6247615087795793,
    "0.85": -3.6615410991006194,
    "0.86": -3.698399426424857,
    "0.87": -3.7353335904676297,
    "0.88": -3.772340833738815,
    "0.89": -3.8094185327670433,
    "0.9": -3.8465641899660574,
    "0.91": -3.8837754260891955,
    "0.92": -3.921049973223417,
    "0.93": -3.9583856682782455,
    "0.9400000000000001": -3.9957804469296634,
    "0.9500000000000001": -4.033232337982036,
    "0.96": -4.070739458115004,
    "0.97": -4.108300006984702,
    "0.98": -4.145912262651952,
    "0.99": -4.183574577311863,
    "1.0": -4.221285373302042,
    "1.01": -4.259043139368249,
    "1.02": -4.296846427168211,
    "1.03": -4.334693847996054,
    "1.04": -4.372584069711063,
    "1.05": -4.410515813856058,
    "1.06": -4.448487852951787,
    "1.07": -4.48649900795475,
    "1.08": -4.5245481458670245,
    "1.09": -4.562634177487603,
    "1.1": -4.600756055295284,
    "1.11": -4.638912771454387,
    "1.12": -4.677103355934885,
    "1.1300000000000001": -4.715326874739309,
    "1.1400000000000001": -4.753582428229362,
    "1.1500000000000001": -4.791869149545797,
    "1.16": -4.830186203115407,
    "1.17": -4.868532783239546,
    "1.18": -4.906908112759068,
    "1.19": -4.945311441790781,
    "1.2": -4.98374204653106,
    "1.21": -5.022199228122239,
    "1.22": -5.060682311578284,
    "1.23": -5.09919064476579,
    "1.24": -5.137723597437264,
    "1.25": -5.176280560313323,
    "1.26": -5.214860944211168,
    "1.27": -5.25346417921638,
    "1.28": -5.292089713895712,
    "1.29": -5.330737014548448,
    "1.3": -5.369405564494059,
    "1.31": -5.408094863394208,
    "1.32": -5.44680442660715,
    "1.33": -5.485533784572668,
    "1.34": -5.524282482225958,
    "1.35": -5.56305007843871,
    "1.36": -5.601836145486188,
    "1.37": -5.640640268538549,
    "1.3800000000000001": -5.679462045175496,
    "1.3900000000000001": -5.7183010849226505,
    "1.4000000000000001": -5.7571570088088055,
    "1.41": -5.796029448942798,
    "1.42": -5.834918048109054,
    "1.43": -5.873822459380788,
    "1.44": -5.912742345750051,
    "1.45": -5.9516773797737,
    "1.46": -5.990627243234482,
    "1.47": -6.029591626816564,
    "1.48": -6.068570229794708,
    "1.49": -6.107562759736407
}