{
    "0.5": {
        "ground_energy": -179.27995810201713
    },
    "0.51": {
        "ground_energy": -183.7817520149598
    },
    "0.52": {
        "ground_energy": -188.2865381124441
    },
    "0.53": {
        "ground_energy": -192.79432470233635
    },
    "0.54": {
        "ground_energy": -197.30512016129242
    },
    "0.55": {
        "ground_energy": -201.818932935406
    },
    "0.56": {
        "ground_energy": -206.33577154085282
    },
    "0.57": {
        "ground_energy": -210.85564456454077
    },
    "0.58": {
        "ground_energy": -215.37856066478219
    },
    "0.59": {
        "ground_energy": -219.90452857195967
    },
    "0.6": {
        "ground_energy": -224.43355708921132
    },
    "0.61": {
        "ground_energy": -228.96565509311904
    },
    "0.62": {
        "ground_energy": -233.50083153441406
    },
    "0.63": {
        "ground_energy": -238.0390954386819
    },
    "0.64": {
        "ground_energy": -242.58045590708232
    },
    "0.65": {
        "ground_energy": -247.1249221170809
    },
    "0.66": {
        "ground_energy": -251.67250332318437
    },
    "0.67": {
        "ground_energy": -256.2232088576956
    },
    "0.68": {
        "ground_energy": -260.77704813146323
    },
    "0.69": {
        "ground_energy": -265.33403063466454
    },
    "0.7": {
        "ground_energy": -269.89416593757477
    },
    "0.71": {
        "ground_energy": -274.4574636913623
    },
    "0.72": {
        "ground_energy": -279.0239336288933
    },
    "0.73": {
        "ground_energy": -283.5935855655393
    },
    "0.74": {
        "ground_energy": -288.16642940000696
    },
    "0.75": {
        "ground_energy": -292.74247511516984
    },
    "0.76": {
        "ground_energy": -297.32173277891974
    },
    "0.77": {
        "ground_energy": -301.90421254502286
    },
    "0.78": {
        "ground_energy": -306.4899246539938
    },
    "0.79": {
        "ground_energy": -311.0788794339785
    },
    "0.8": {
        "ground_energy": -315.67108730164745
    },
    "0.81": {
        "ground_energy": -320.2665587631133
    },
    "0.82": {
        "ground_energy": -324.865304414841
    },
    "0.83": {
        "ground_energy": -329.4673349445957
    },
    "0.84": {
        "ground_energy": -334.0726611323774
    },
    "0.85": {
        "ground_energy": -338.68129385139326
    },
    "0.86": {
        "ground_energy": -343.29324406902975
    },
    "0.87": {
        "ground_energy": -347.9085228478414
    },
    "0.88": {
        "ground_energy": -352.52714134655537
    },
    "0.89": {
        "ground_energy": -357.14911082109336
    },
    "0.9": {
        "ground_energy": -361.7744426256007
    },
    "0.91": {
        "ground_energy": -366.40314821349256
    },
    "0.92": {
        "ground_energy": -371.0352391385268
    },
    "0.93": {
        "ground_energy": -375.67072705587435
    },
    "0.94": {
        "ground_energy": -380.3096237232208
    },
    "0.95": {
        "ground_energy": -384.9519410018714
    },
    "0.96": {
        "ground_energy": -389.59769085788355
    },
    "0.97": {
        "ground_energy": -394.2468853632096
    },
    "0.98": {
        "ground_energy": -398.89953669685985
    },
    "0.99": {
        "ground_energy": -403.55565714607644
    },
    "1.0": {
        "ground_energy": -408.2152591075374
    },
    "1.01": {
        "ground_energy": -412.87835508856386
    },
    "1.02": {
        "ground_energy": -417.5449577083561
    },
    "1.03": {
        "ground_energy": -422.21507969924795
    },
    "1.04": {
        "ground_energy": -426.88873390796624
    },
    "1.05": {
        "ground_energy": -431.5659332969335
    },
    "1.06": {
        "ground_energy": -436.2466909455696
    },
    "1.07": {
        "ground_energy": -440.93102005161927
    },
    "1.08": {
        "ground_energy": -445.61893393250966
    },
    "1.09": {
        "ground_energy": -450.3104460267126
    },
    "1.1": {
        "ground_energy": -455.0055698951393
    },
    "1.11": {
        "ground_energy": -459.70431922255375
    },
    "1.12": {
        "ground_energy": -464.40670781900747
    },
    "1.13": {
        "ground_energy": -469.1127496212967
    },
    "1.14": {
        "ground_energy": -473.8224586944406
    },
    "1.15": {
        "ground_energy": -478.5358492331873
    },
    "1.16": {
        "ground_energy": -483.2529355635444
    },
    "1.17": {
        "ground_energy": -487.97373214431656
    },
    "1.18": {
        "ground_energy": -492.6982535686994
    },
    "1.19": {
        "ground_energy": -497.42651456586793
    },
    "1.2": {
        "ground_energy": -502.1585300026017
    },
    "1.21": {
        "ground_energy": -506.89431488494995
    },
    "1.22": {
        "ground_energy": -511.63388435989776
    },
    "1.23": {
        "ground_energy": -516.3772537170781
    },
    "1.24": {
        "ground_energy": -521.1244383905017
    },
    "1.25": {
        "ground_energy": -525.8754539603243
    },
    "1.26": {
        "ground_energy": -530.6303161546316
    },
    "1.27": {
        "ground_energy": -535.3890408512617
    },
    "1.28": {
        "ground_energy": -540.1516440796545
    },
    "1.29": {
        "ground_energy": -544.9181420227321
    },
    "1.3": {
        "ground_energy": -549.6885510188076
    },
    "1.31": {
        "ground_energy": -554.4628875635309
    },
    "1.32": {
        "ground_energy": -559.2411683118619
    },
    "1.33": {
        "ground_energy": -564.0234100800786
    },
    "1.34": {
        "ground_energy": -568.8096298478183
    },
    "1.35": {
        "ground_energy": -573.5998447601564
    },
    "1.36": {
        "ground_energy": -578.3940721297147
    },
    "1.37": {
        "ground_energy": -583.1923294388084
    },
    "1.38": {
        "ground_energy": -587.9946343416357
    },
    "1.39": {
        "ground_energy": -592.8010046664822
    },
    "1.4": {
        "ground_energy": -597.6114584180011
    },
    "1.41": {
        "ground_energy": -602.4260137794957
    },
    "1.42": {
        "ground_energy": -607.2446891152596
    },
    "1.43": {
        "ground_energy": -612.0675029729607
    },
    "1.44": {
        "ground_energy": -616.8944740860496
    },
    "1.45": {
        "ground_energy": -621.7256213762303
    },
    "1.46": {
        "ground_energy": -626.5609639559611
    },
    "1.47": {
        "ground_energy": -631.4005211310028
    },
    "1.48": {
        "ground_energy": -636.2443124030095
    },
    "1.49": {
        "ground_energy": -641.092357472178
    },
    "1.5": {
        "ground_energy": -645.9446762399182
    },
    "1.51": {
        "ground_energy": -650.8012888116017
    },
    "1.52": {
        "ground_energy": -655.6622154993441
    },
    "1.53": {
        "ground_energy": -660.5274768248255
    },
    "1.54": {
        "ground_energy": -665.3970935221926
    },
    "1.55": {
        "ground_energy": -670.2710865409856
    },
    "1.56": {
        "ground_energy": -675.1494770491283
    },
    "1.57": {
        "ground_energy": -680.032286435982
    },
    "1.58": {
        "ground_energy": -684.9195363154386
    },
    "1.59": {
        "ground_energy": -689.8112485290834
    },
    "1.6": {
        "ground_energy": -694.7074451494071
    },
    "1.61": {
        "ground_energy": -699.6081484830925
    },
    "1.62": {
        "ground_energy": -704.5133810743449
    },
    "1.63": {
        "ground_energy": -709.4231657082962
    },
    "1.64": {
        "ground_energy": -714.3375254144622
    },
    "1.65": {
        "ground_energy": -719.2564834702868
    },
    "1.66": {
        "ground_energy": -724.1800634047297
    },
    "1.67": {
        "ground_energy": -729.108289001934
    },
    "1.68": {
        "ground_energy": -734.0411843049599
    },
    "1.69": {
        "ground_energy": -738.9787736195993
    },
    "1.7": {
        "ground_energy": -743.9210815182511
    },
    "1.71": {
        "ground_energy": -748.8681328438831
    },