{
    "0.5": -1.3065629648763766,
    "0.51": -1.3197468438317808,
    "0.52": -1.3331624015136214,
    "0.53": -1.3468023679951133,
    "0.54": -1.3606594511956873,
    "0.55": -1.3747263731838004,
    "0.56": -1.388995902961474,
    "0.5700000000000001": -1.4034608856726638,
    "0.58": -1.4181142682585697,
    "0.59": -1.4329491216501844,
    "0.6": -1.447958659642065,
    "0.61": -1.4631362546321312,
    "0.62": -1.4784754504414614,
    "0.63": -1.4939699724468374,
    "0.64": -1.5096137352686982,
    "0.65": -1.5254008482596726,
    "0.66": -1.541325619035406,
    "0.67": -1.557382555281304,
    "0.68": -1.5735663650572695,
    "0.6900000000000001": -1.589871955808524,
    "0.7000000000000001": -1.6062944322751063,
    "0.71": -1.6228290934762977,
    "0.72": -1.6394714289296672,
    "0.73": -1.6562171142480109,
    "0.74": -1.6730620062417192,
    "0.75": -1.6900021376390355,
    "0.76": -1.707033711522604,
    "0.77": -1.7241530955677309,
    "0.78": -1.7413568161558706,
    "0.79": -1.758641552426055,
    "0.8": -1.7760041303173109,
    "0.81": -1.793441516646434,
    "0.8200000000000001": -1.8109508132578656,
    "0.8300000000000001": -1.8285292512756979,
    "0.84": -1.846174185481845,
    "0.85": -1.8638830888395068,
    "0.86": -1.88165354717639,
    "0.87": -1.8994832540385815,
    "0.88": -1.9173700057226535,
    "0.89": -1.9353116964908175,
    "0.9": -1.9533063139717268,
    "0.91": -1.9713519347476016,
    "0.92": -1.9894467201266797,
    "0.93": -2.0075889120988943,
    "0.9400000000000001": -2.025776829471433,
    "0.9500000000000001": -2.0440088641801664,
    "0.96": -2.0622834777722097,
    "0.97": -2.080599198054426,
    "0.98": -2.098954615902317,
    "0.99": -2.1173483822235024,
    "1.0": -2.1357792050698583,
    "1.01": -2.1542458468922656,
    "1.02": -2.1727471219319803,
    "1.03": -2.191281893742608,
    "1.04": -2.2098490728367803,
    "1.05": -2.228447614451792,
    "1.06": -2.2470765164284705,
    "1.07": -2.2657348171978993,
    "1.08": -2.284421593870612,
    "1.09": -2.303135960423199,
    "1.1": -2.3218770659773496,
    "1.11": -2.34064409316669,
    "1.12": -2.3594362565868154,
    "1.1300000000000001": -2.3782528013242468,
    "1.1400000000000001": -2.3970930015601803,
    "1.1500000000000001": -2.4159561592450944,
    "1.16": -2.4348416028404776,
    "1.17": -2.4537486861241344,
    "1.18": -2.472676787055667,
    "1.19": -2.4916253066989773,
    "1.2": -2.510593668198688,
    "1.21": -2.5295813158076745,
    "1.22": -2.548587713962916,
    "1.23": -2.56761234640714,
    "1.24": -2.586654715353787,
    "1.25": -2.6057143406929772,
    "1.26": -2.6247907592363635,
    "1.27": -2.6438835239986873,
    "1.28": -2.662992203514212,
    "1.29": -2.6821163811861033,
    "1.3": -2.7012556546670585,
    "1.31": -2.720409635269521,
    "1.32": -2.7395779474039297,
    "1.33": -2.7587602280435357,
    "1.34": -2.777956126214407,
    "1.35": -2.7971653025092906,
    "1.36": -2.816387428624117,
    "1.37": -2.835622186915968,
    "1.3800000000000001": -2.8548692699813905,
    "1.3900000000000001": -2.8741283802540543,
    "1.4000000000000001": -2.893399229620698,
    "1.41": -2.9126815390545135,
    "1.42": -2.931975038265016,
    "1.43": -2.9512794653636223,
    "1.44": -2.970594566544104,
    "1.45": -2.98992009577721,
    "1.46": -3.0092558145187285,
    "1.47": -3.0286014914303427,
    "1.48": -3.047956902112627,
    "1.49": -3.067321828849613
}