{
    "0.5": -3.4551975645301103,
    "0.51": -3.4740783558332664,
    "0.52": -3.49339109714023,
    "0.53": -3.513141231856519,
    "0.54": -3.533334351217128,
    "0.55": -3.5539761520952236,
    "0.56": -3.575072386861691,
    "0.5700000000000001": -3.596628805157981,
    "0.58": -3.6186510876748113,
    "0.59": -3.641144772305383,
    "0.6": -3.664115173357277,
    "0.61": -3.6875672948534577,
    "0.62": -3.7115057393156405,
    "0.63": -3.7359346137824123,
    "0.64": -3.7608574351482016,
    "0.65": -3.786277037190344,
    "0.66": -3.8121954818534496,
    "0.67": -3.838613977458595,
    "0.68": -3.8655328064784054,
    "0.6900000000000001": -3.8929512653562472,
    "0.7000000000000001": -3.9208676185453917,
    "0.71": -3.9492790685113817,
    "0.72": -3.978181742899231,
    "0.73": -4.007570699447163,
    "0.74": -4.037439948570262,
    "0.75": -4.0677824928831665,
    "0.76": -4.098590382323813,
    "0.77": -4.129854783018405,
    "0.78": -4.161566057620313,
    "0.79": -4.193713854581764,
    "0.8": -4.2262872036838335,
    "0.81": -4.259274615152049,
    "0.8200000000000001": -4.292664179809073,
    "0.8300000000000001": -4.326443667938635,
    "0.84": -4.3606006248329665,
    "0.85": -4.395122461339805,
    "0.86": -4.429996538090624,
    "0.87": -4.465210242454814,
    "0.88": -4.500751057608291,
    "0.89": -4.536606623414114,
    "0.9": -4.572764789079954,
    "0.91": -4.609213657777976,
    "0.92": -4.645941623585911,
    "0.93": -4.68293740123641,
    "0.9400000000000001": -4.720190049249225,
    "0.9500000000000001": -4.757688987072798,
    "0.96": -4.795424006883947,
    "0.97": -4.833385280692755,
    "0.98": -4.871563363379881,
    "0.99": -4.9099491922604015,
    "1.0": -4.94853408372593,
    "1.01": -4.9873097274693965,
    "1.02": -5.026268178746361,
    "1.03": -5.065401849076574,
    "1.04": -5.104703495740024,
    "1.05": -5.144166210375175,
    "1.06": -5.1837834069435855,
    "1.07": -5.223548809285121,
    "1.08": -5.263456438452528,
    "1.09": -5.303500599981607,
    "1.1": -5.343675871225457,
    "1.11": -5.383977088856264,
    "1.12": -5.424399336617313,
    "1.1300000000000001": -5.4649379333890105,
    "1.1400000000000001": -5.505588421617761,
    "1.1500000000000001": -5.546346556142993,
    "1.16": -5.587208293447054,
    "1.17": -5.628169781343264,
    "1.18": -5.669227349110169,
    "1.19": -5.710377498073897,
    "1.2": -5.751616892635714,
    "1.21": -5.792942351738046,
    "1.22": -5.834350840758772,
    "1.23": -5.875839463822246,
    "1.24": -5.917405456512836,
    "1.25": -5.959046178976185,
    "1.26": -6.000759109392425,
    "1.27": -6.042541837805006,
    "1.28": -6.084392060288962,
    "1.29": -6.126307573441955,
    "1.3": -6.168286269182051,
    "1.31": -6.210326129836534,
    "1.32": -6.252425223505817,
    "1.33": -6.294581699688203,
    "1.34": -6.336793785150434,
    "1.35": -6.379059780030692,
    "1.36": -6.421378054160664,
    "1.37": -6.463747043594124,
    "1.3800000000000001": -6.506165247330074,
    "1.3900000000000001": -6.54863122421911,
    "1.4000000000000001": -6.591143590042262,
    "1.41": -6.633701014752188,
    "1.42": -6.676302219867107,
    "1.43": -6.718945976008277,
    "1.44": -6.761631100572901,
    "1.45": -6.80435645553399,
    "1.46": -6.847120945359839,
    "1.47": -6.889923515046146,
    "1.48": -6.932763148253855,
    "1.49": -6.975638865546676
}