{
    "0.5": -3.455197564530118,
    "0.525": -3.503211143878544,
    "0.55": -3.553976152095226,
    "0.575": -3.6075813630087072,
    "0.6": -3.6641151733572914,
    "0.625": -3.7236586380571732,
    "0.65": -3.786277037190345,
    "0.675": -3.8520108705410885,
    "0.7": -3.9208676185453863,
    "0.725": -3.992815786088728,
    "0.75": -4.067782492883172,
    "0.775": -4.145655192409138,
    "0.8": -4.226287203683837,
    "0.825": -4.309505957674913,
    "0.85": -4.395122461339804,
    "0.875": -4.482940538020801,
    "0.9": -4.5727647890799465,
    "0.925": -4.66440672805944,
    "0.95": -4.757688987072796,
    "0.975": -4.852447796281284,
    "1.0": -4.948534083725946,
    "1.025": -5.04581357217365,
    "1.05": -5.144166210375175,
    "1.075": -5.243485207938172,
    "1.1": -5.343675871225476,
    "1.125": -5.444654375080819,
    "1.15": -5.546346556142986,
    "1.175": -5.6486867778350955,
    "1.2": -5.7516168926357265,
    "1.225": -5.8550853113095815,
    "1.25": -5.959046178976215,
    "1.275": -6.063458652294332,
    "1.3": -6.168286269182096,
    "1.325": -6.2734964013741905,
    "1.35": -6.379059780030699,
    "1.375": -6.484950085113867,
    "1.4": -6.591143590042276,
    "1.425": -6.697618854042023,
    "1.45": -6.80435645553401,
    "1.475": -6.911338760769547
}