{
    "0.5": -1.626372869461487,
    "0.51": -1.6320074611856634,
    "0.52": -1.6376584784717234,
    "0.53": -1.6433259046482809,
    "0.54": -1.649009723107008,
    "0.55": -1.6547099172889213,
    "0.56": -1.6604264706709204,
    "0.5700000000000001": -1.6661593667525876,
    "0.58": -1.6719085890432328,
    "0.59": -1.6776741210491846,
    "0.6": -1.683455946261326,
    "0.61": -1.6892540481428713,
    "0.62": -1.6950684101173703,
    "0.63": -1.7008990155569548,
    "0.64": -1.7067458477708088,
    "0.65": -1.7126088899938676,
    "0.66": -1.71848812537574,
    "0.67": -1.7243835369698597,
    "0.68": -1.7302951077228397,
    "0.6900000000000001": -1.7362228204640768,
    "0.7000000000000001": -1.7421666578955337,
    "0.71": -1.7481266025817672,
    "0.72": -1.7541026369401578,
    "0.73": -1.7600947432313474,
    "0.74": -1.7661029035498983,
    "0.75": -1.7721270998151581,
    "0.76": -1.7781673137623262,
    "0.77": -1.784223526933742,
    "0.78": -1.7902957206703731,
    "0.79": -1.7963838761034994,
    "0.8": -1.802487974146629,
    "0.81": -1.8086079954875935,
    "0.8200000000000001": -1.8147439205808598,
    "0.8300000000000001": -1.8208957296400485,
    "0.84": -1.8270634026306491,
    "0.85": -1.8332469192629406,
    "0.86": -1.8394462589851195,
    "0.87": -1.8456614009766172,
    "0.88": -1.851892324141638,
    "0.89": -1.8581390071028845,
    "0.9": -1.8644014281954868,
    "0.91": -1.870679565461148,
    "0.92": -1.876973396642453,
    "0.93": -1.8832828991774266,
    "0.9400000000000001": -1.8896080501942516,
    "0.9500000000000001": -1.895948826506209,
    "0.96": -1.902305204606814,
    "0.97": -1.9086771606651296,
    "0.98": -1.915064670521323,
    "0.99": -1.9214677096823685,
    "1.0": -1.9278862533179937,
    "1.01": -1.934320276256789,
    "1.02": -1.9407697529825287,
    "1.03": -1.9472346576306911,
    "1.04": -1.9537149639851645,
    "1.05": -1.9602106454751542,
    "1.06": -1.9667216751722787,
    "1.07": -1.9732480257878662,
    "1.08": -1.9797896696704287,
    "1.09": -1.9863465788033527,
    "1.1": -1.9929187248027516,
    "1.11": -1.9995060789155243,
    "1.12": -2.0061086120176044,
    "1.1300000000000001": -2.0127262946123765,
    "1.1400000000000001": -2.0193590968293136,
    "1.1500000000000001": -2.0260069884227536,
    "1.16": -2.0326699387709053,
    "1.17": -2.0393479168750015,
    "1.18": -2.046040891358656,
    "1.19": -2.052748830467373,
    "1.2": -2.0594717020682713,
    "1.21": -2.066209473649946,
    "1.22": -2.072962112322536,
    "1.23": -2.0797295848179336,
    "1.24": -2.0865118574901973,
    "1.25": -2.0933088963161057,
    "1.26": -2.100120666895889,
    "1.27": -2.106947134454128,
    "1.28": -2.113788263840815,
    "1.29": -2.1206440195325613,
    "1.3": -2.1275143656339877,
    "1.31": -2.134399265879242,
    "1.32": -2.141298683633699,
    "1.33": -2.148212581895789,
    "1.34": -2.1551409232989838,
    "1.35": -2.1620836701139288,
    "1.36": -2.16904078425072,
    "1.37": -2.1760122272613214,
    "1.3800000000000001": -2.1829979603421124,
    "1.3900000000000001": -2.1899979443365853,
    "1.4000000000000001": -2.1970121397381646,
    "1.41": -2.2040405066931625,
    "1.42": -2.211083005003857,
    "1.43": -2.218139594131697,
    "1.44": -2.225210233200631,
    "1.45": -2.232294881000552,
    "1.46": -2.2393934959908517,
    "1.47": -2.2465060363041034,
    "1.48": -2.2536324597498374,
    "1.49": -2.260772723818436
}