{
    "0.5": -1.3210991294558951,
    "0.51": -1.331986826551485,
    "0.52": -1.3429613474252782,
    "0.53": -1.3540191695612729,
    "0.54": -1.3651569227996216,
    "0.55": -1.3763713842213858,
    "0.56": -1.3876594729080434,
    "0.5700000000000001": -1.399018244633497,
    "0.58": -1.410444886537695,
    "0.59": -1.4219367118232757,
    "0.6": -1.4334911545097124,
    "0.61": -1.4451057642732925,
    "0.62": -1.4567782013958441,
    "0.63": -1.4685062318404234,
    "0.64": -1.4802877224680426,
    "0.65": -1.492120636405989,
    "0.66": -1.5040030285752755,
    "0.67": -1.5159330413821483,
    "0.68": -1.5279089005764606,
    "0.6900000000000001": -1.539928911277841,
    "0.7000000000000001": -1.5519914541691637,
    "0.71": -1.5640949818555117,
    "0.72": -1.5762380153858913,
    "0.73": -1.5884191409341262,
    "0.74": -1.6006370066347677,
    "0.75": -1.6128903195693487,
    "0.76": -1.6251778428980015,
    "0.77": -1.6374983931311957,
    "0.78": -1.649850837536203,
    "0.79": -1.6622340916728222,
    "0.8": -1.6746471170528836,
    "0.81": -1.6870889189180664,
    "0.8200000000000001": -1.6995585441306544,
    "0.8300000000000001": -1.712055079171958,
    "0.84": -1.7245776482432291,
    "0.85": -1.7371254114640944,
    "0.86": -1.749697563163647,
    "0.87": -1.7622933302595383,
    "0.88": -1.7749119707205818,
    "0.89": -1.7875527721085525,
    "0.9": -1.8002150501950744,
    "0.91": -1.8128981476496466,
    "0.92": -1.825601432795065,
    "0.93": -1.8383242984266508,
    "0.9400000000000001": -1.8510661606918852,
    "0.9500000000000001": -1.8638264580272195,
    "0.96": -1.876604650149002,
    "0.97": -1.8894002170955888,
    "0.98": -1.9022126583179106,
    "0.99": -1.9150414918158516,
    "1.0": -1.9278862533179948,
    "1.01": -1.9407464955023879,
    "1.02": -1.9536217872561144,
    "1.03": -1.9665117129715808,
    "1.04": -1.9794158718775496,
    "1.05": -1.992333877403053,
    "1.06": -2.005265356572425,
    "1.07": -2.0182099494297803,
    "1.08": -2.0311673084913755,
    "1.09": -2.044137098224377,
    "1.1": -2.0571189945506196,
    "1.11": -2.0701126843740454,
    "1.12": -2.083117865130572,
    "1.1300000000000001": -2.096134244359221,
    "1.1400000000000001": -2.109161539293354,
    "1.1500000000000001": -2.1221994764710455,
    "1.16": -2.135247791363523,
    "1.17": -2.14830622802077,
    "1.18": -2.161374538733424,
    "1.19": -2.174452483710108,
    "1.2": -2.187539830769415,
    "1.21": -2.2006363550458112,
    "1.22": -2.2137418387087444,
    "1.23": -2.226856070694283,
    "1.24": -2.239978846448688,
    "1.25": -2.2531099676832858,
    "1.26": -2.266249242140106,
    "1.27": -2.2793964833677385,
    "1.28": -2.2925515105069216,
    "1.29": -2.3057141480853685,
    "1.3": -2.318884225821391,
    "1.31": -2.3320615784358965,
    "1.32": -2.345246045472355,
    "1.33": -2.3584374711243363,
    "1.34": -2.3716357040702922,
    "1.35": -2.3848405973151925,
    "1.36": -2.3980520080387424,
    "1.37": -2.411269797449826,
    "1.3800000000000001": -2.4244938306469224,
    "1.3900000000000001": -2.4377239764841807,
    "1.4000000000000001": -2.450960107442933,
    "1.41": -2.4642020995083596,
    "1.42": -2.4774498320510854,
    "1.43": -2.4907031877134864,
    "1.44": -2.5039620523004906,
    "1.45": -2.5172263146746645,
    "1.46": -2.5304958666554,
    "1.47": -2.543770602922019,
    "1.48": -2.5570504209206097,
    "1.49": -2.5703352207744627
}