{
    "0.50": -2.3056370708245773,
    "0.51": -2.325019610012285,
    "0.52": -2.344548280498379,
    "0.53": -2.3642162443103527,
    "0.54": -2.384017038649876,
    "0.55": -2.403944556138439,
    "0.56": -2.423993025515534,
    "0.57": -2.4441569929237255,
    "0.58": -2.4644313038774026,
    "0.59": -2.4848110859808843,
    "0.60": -2.5052917324368855,
    "0.61": -2.525868886366354,
    "0.62": -2.5465384259451618,
    "0.63": -2.5672964503510007,
    "0.64": -2.5881392665046787,
    "0.65": -2.6090633765831606,
    "0.66": -2.6300654662768137,
    "0.67": -2.651142393760021,
    "0.68": -2.6722911793420545,
    "0.69": -2.693508995764167,
    "0.70": -2.7147931591082286,
    "0.71": -2.736141120282665,
    "0.72": -2.7575504570517997,
    "0.73": -2.77901886657594,
    "0.74": -2.8005441584304474,
    "0.75": -2.8221242480736186,
    "0.76": -2.8437571507343895,
    "0.77": -2.8654409756925396,
    "0.78": -2.8871739209255547,
    "0.79": -2.9089542680976916,
    "0.80": -2.9307803778683774,
    "0.81": -2.9526506854984804,
    "0.82": -2.9745636967342746,
    "0.83": -2.9965179839504117,
    "0.84": -3.018512182534252,
    "0.85": -3.0405449874952906,
    "0.86": -3.062615150284371,
    "0.87": -3.084721475808529,
    "0.88": -3.1068628196283496,
    "0.89": -3.129038085325377,
    "0.90": -3.1512462220283415,
    "0.91": -3.173486222087532,
    "0.92": -3.195757118887423,
    "0.93": -3.2180579847884405,
    "0.94": -3.2403879291893247,
    "0.95": -3.2627460967022106,
    "0.96": -3.2851316654330067,
    "0.97": -3.307543845360312,
    "0.98": -3.329981876806473,
    "0.99": -3.3524450289948575,
    "1.00": -3.3749325986878906,
    "1.01": -3.397443908900699,
    "1.02": -3.419978307685613,
    "1.03": -3.4425351669831263,
    "1.04": -3.465113881535115,
    "1.05": -3.487713867856556,
    "1.06": -3.5103345632621004,
    "1.07": -3.532975424944164,
    "1.08": -3.5556359290994917,
    "1.09": -3.5783155701011604,
    "1.10": -3.6010138597134493,
    "1.11": -3.6237303263469087,
    "1.12": -3.646464514351405,
    "1.13": -3.669215983344771,
    "1.14": -3.691984307575144,
    "1.15": -3.7147690753149423,
    "1.16": -3.7375698882847486,
    "1.17": -3.760386361105347,
    "1.18": -3.783218120776376,
    "1.19": -3.8060648061800997,
    "1.20": -3.8289260676088563,
    "1.21": -3.8518015663149368,
    "1.22": -3.8746909740816684,
    "1.23": -3.8975939728144984,
    "1.24": -3.9205102541510213,
    "1.25": -3.943439519089,
    "1.26": -3.966381477631316,
    "1.27": -3.9893358484470163,
    "1.28": -4.012302358547634,
    "1.29": -4.035280742977936,
    "1.30": -4.058270744520371,
    "1.31": -4.08127211341256,
    "1.32": -4.104284607077051,
    "1.33": -4.127307989862873,
    "1.34": -4.150342032798155,
    "1.35": -4.173386513353348,
    "1.36": -4.196441215214486,
    "1.37": -4.219505928066,
    "1.38": -4.242580447382612,
    "1.39": -4.265664574229882,
    "1.40": -4.288758115072993,
    "1.41": -4.3118608815933355,
    "1.42": -4.334972690512608,
    "1.43": -4.35809336342397,
    "1.44": -4.3812227266300185,
    "1.45": -4.404360610987165,
    "1.46": -4.4275068517562675,
    "1.47": -4.450661288459035,
    "1.48": -4.473823764740095,
    "1.49": -4.496994128234427
}