{
    "0.5": -1.6972144300685381,
    "0.51": -1.7119123674038934,
    "0.52": -1.7266986374908073,
    "0.53": -1.7415691952966161,
    "0.54": -1.7565202229406922,
    "0.55": -1.7715481158224353,
    "0.56": -1.7866494695277895,
    "0.5700000000000001": -1.8018210674963087,
    "0.58": -1.8170598694247775,
    "0.59": -1.8323630003792195,
    "0.6": -1.8477277405842516,
    "0.61": -1.8631515158570362,
    "0.62": -1.8786318886522912,
    "0.63": -1.8941665496845952,
    "0.64": -1.9097533100946038,
    "0.65": -1.9253900941265634,
    "0.66": -1.9410749322854781,
    "0.67": -1.956805954943558,
    "0.68": -1.9725813863669026,
    "0.6900000000000001": -1.9883995391348241,
    "0.7000000000000001": -2.004258808925677,
    "0.71": -2.020157669644553,
    "0.72": -2.036094668869657,
    "0.73": -2.052068423595645,
    "0.74": -2.068077616253511,
    "0.75": -2.0841209909880494,
    "0.76": -2.1001973501751072,
    "0.77": -2.1163055511620694,
    "0.78": -2.1324445032161936,
    "0.79": -2.1486131646664095,
    "0.8": -2.1648105402252913,
    "0.81": -2.1810356784787857,
    "0.8200000000000001": -2.1972876695322032,
    "0.8300000000000001": -2.2135656428017634,
    "0.84": -2.229868764941817,
    "0.85": -2.2461962378984683,
    "0.86": -2.262547297081122,
    "0.87": -2.278921209643968,
    "0.88": -2.2953172728700677,
    "0.89": -2.311734812651193,
    "0.9": -2.328173182057085,
    "0.91": -2.3446317599882325,
    "0.92": -2.3611099499066905,
    "0.93": -2.3776071786398734,
    "0.9400000000000001": -2.3941228952525853,
    "0.9500000000000001": -2.4106565699828946,
    "0.96": -2.4272076932377855,
    "0.97": -2.4437757746447795,
    "0.98": -2.4603603421559956,
    "0.99": -2.476960941201365,
    "1.0": -2.4935771338879253,
    "1.01": -2.510208498242391,
    "1.02": -2.5268546274942536,
    "1.03": -2.5435151293970515,
    "1.04": -2.5601896255853944,
    "1.05": -2.5768777509656524,
    "1.06": -2.5935791531382946,
    "1.07": -2.6102934918499625,
    "1.08": -2.6270204384735614,
    "1.09": -2.64375967551473,
    "1.1": -2.6605108961431365,
    "1.11": -2.6772738037471817,
    "1.12": -2.694048111510762,
    "1.1300000000000001": -2.7108335420108656,
    "1.1400000000000001": -2.7276298268347685,
    "1.1500000000000001": -2.7444367062158044,
    "1.16": -2.7612539286866107,
    "1.17": -2.7780812507489157,
    "1.18": -2.7949184365589788,
    "1.19": -2.811765257627764,
    "1.2": -2.8286214925351425,
    "1.21": -2.8454869266572813,
    "1.22": -2.862361351906579,
    "1.23": -2.8792445664834476,
    "1.24": -2.8961363746393416,
    "1.25": -2.913036586450413,
    "1.26": -2.9299450176012933,
    "1.27": -2.946861489178422,
    "1.28": -2.9637858274724804,
    "1.29": -2.9807178637894443,
    "1.3": -2.997657434269814,
    "1.31": -3.014604379715642,
    "1.32": -3.0315585454249483,
    "1.33": -3.0485197810331437,
    "1.34": -3.065487940361162,
    "1.35": -3.0824628812699233,
    "1.36": -3.0994444655208593,
    "1.37": -3.1164325586421824,
    "1.3800000000000001": -3.133427029800665,
    "1.3900000000000001": -3.150427751678589,
    "1.4000000000000001": -3.167434600355718,
    "1.41": -3.184447455195988,
    "1.42": -3.201466198738721,
    "1.43": -3.218490716594149,
    "1.44": -3.235520897343058,
    "1.45": -3.252556632440353,
    "1.46": -3.2695978161223556,
    "1.47": -3.28664434531772,
    "1.48": -3.303696119561711,
    "1.49": -3.320753040913802
}