{
    "0.50": -2.5700453801669614,
    "0.51": -2.5905007067803227,
    "0.52": -2.6111608553625123,
    "0.53": -2.6320174094074202,
    "0.54": -2.653062244775525,
    "0.55": -2.6742875341352126,
    "0.56": -2.6956857487378385,
    "0.57": -2.7172496578609944,
    "0.58": -2.7389723262448977,
    "0.59": -2.760847109830578,
    "0.60": -2.7828676500872316,
    "0.61": -2.80502786719217,
    "0.62": -2.827321952300871,
    "0.63": -2.8497443591185925,
    "0.64": -2.8722897949595585,
    "0.65": -2.894953211454931,
    "0.66": -2.91772979504812,
    "0.67": -2.9406149573947804,
    "0.68": -2.9636043257656475,
    "0.69": -2.986693733533378,
    "0.70": -3.0098792108093027,
    "0.71": -3.0331569752827616,
    "0.72": -3.0565234233041436,
    "0.73": -3.079975121242917,
    "0.74": -3.1035087971434625,
    "0.75": -3.1271213326944065,
    "0.76": -3.150809755521244,
    "0.77": -3.174571231807052,
    "0.78": -3.198403059242119,
    "0.79": -3.2223026603000036,
    "0.80": -3.2462675758349815,
    "0.81": -3.2702954589937123,
    "0.82": -3.2943840694324793,
    "0.83": -3.318531267830133,
    "0.84": -3.3427350106860416,
    "0.85": -3.3669933453918066,
    "0.86": -3.391304405565122,
    "0.87": -3.4156664066341267,
    "0.88": -3.4400776416603844,
    "0.89": -3.464536477389049,
    "0.90": -3.4890413505146216,
    "0.91": -3.513590764151358,
    "0.92": -3.5381832844974417,
    "0.93": -3.562817537682509,
    "0.94": -3.587492206788635,
    "0.95": -3.612206029035047,
    "0.96": -3.6369577931175887,
    "0.97": -3.6617463366940552,
    "0.98": -3.6865705440072576,
    "0.99": -3.7114293436378056,
    "1.00": -3.736321706379318,
    "1.01": -3.7612466432288905,
    "1.02": -3.786203203486247,
    "1.03": -3.8111904729552224,
    "1.04": -3.836207572241668,
    "1.05": -3.861253655142268,
    "1.06": -3.8863279071188788,
    "1.07": -3.9114295438535502,
    "1.08": -3.9365578098794827,
    "1.09": -3.961711977283637,
    "1.10": -3.986891344476782,
    "1.11": -4.012095235027171,
    "1.12": -4.037322996554135,
    "1.13": -4.062573999678313,
    "1.14": -4.087847637025134,
    "1.15": -4.113143322278653,
    "1.16": -4.138460489282857,
    "1.17": -4.163798591187784,
    "1.18": -4.189157099637954,
    "1.19": -4.214535504000734,
    "1.20": -4.239933310632486,
    "1.21": -4.2653500421803106,
    "1.22": -4.2907852369175785,
    "1.23": -4.3162384481112746,
    "1.24": -4.341709243419483,
    "1.25": -4.367197204317431,
    "1.26": -4.392701925550448,
    "1.27": -4.418223014612552,
    "1.28": -4.443760091249118,
    "1.29": -4.46931278698256,
    "1.30": -4.494880744659675,
    "1.31": -4.520463618019534,
    "1.32": -4.5460610712809615,
    "1.33": -4.571672778748422,
    "1.34": -4.597298424435556,
    "1.35": -4.622937701705309,
    "1.36": -4.64859031292591,
    "1.37": -4.674255969141849,
    "1.38": -4.699934389759151,
    "1.39": -4.72562530224417,
    "1.40": -4.7513284418353745,
    "1.41": -4.777043551267196,
    "1.42": -4.8027703805057405,
    "1.43": -4.828508686495457,
    "1.44": -4.854258232916428,
    "1.45": -4.880018789951687,
    "1.46": -4.905790134064085,
    "1.47": -4.931572047782328,
    "1.48": -4.957364319495655,
    "1.49": -4.983166743256834
}