{
    "0.90": -1.8644014281954955,
    "0.91": -1.870679565461154,
    "0.92": -1.876343307938731,
    "0.93": -1.8826512443624162,
    "0.94": -1.8883417692207294,
    "0.95": -1.8946794223438823,
    "0.96": -1.9003966544004478,
    "0.97": -1.906763939593187,
    "0.98": -1.9125078016831454,
    "0.99": -1.9246750450060381,
    "1.00": -1.931101331461139,
    "1.01": -1.9368982139332342,
    "1.02": -1.943353864951298,
    "1.03": -1.9491771335599661,
    "1.04": -1.9556620552612418,
    "1.05": -1.9615116244260493,
    "1.06": -1.9680257205015297,
    "1.07": -1.973901502438514,
    "1.08": -1.9804446741129147,
    "1.09": -1.9863465788033545,
    "1.10": -1.9929187248027571
}